issue_key,rule,file,baseline_line,review_decision,rationale,recommendation,scanner_after
3c26bd5c-7b76-4b70-acab-50425750ec40,python:S3776,scripts/audit.py,54,intentional,"audit.main is one six-profile qualification procedure with explicit build/uv/export requirements generation, nonempty-profile pip-audit execution, failure evidence printing, and exact report validation. Its branches make profile-specific qualification visible.",Retain the bounded audit procedure and failure-evidence ordering; complexity alone is not a necessary change.,open
1ea2d485-f394-438c-848d-f298ee5e024d,python:S6353,scripts/audit.py,65,intentional,"At line 65, if not re.fullmatch(r""==[0-9]+\.[0-9]+\.[0-9]+"", pin): explicitly limits the numeric grammar to ASCII digits. Canonical protocol/date/tooling formats must not accept Unicode digits; some patterns also use re.ASCII. Keeping [0-9] makes this boundary explicit independently of regex flags.",Keep [0-9]; do not mechanically widen this grammar to Unicode-aware \d.,open
28b792d0-9c09-4ad8-b113-55d23b4bd211,python:S6353,scripts/audit.py,65,intentional,"At line 65, if not re.fullmatch(r""==[0-9]+\.[0-9]+\.[0-9]+"", pin): explicitly limits the numeric grammar to ASCII digits. Canonical protocol/date/tooling formats must not accept Unicode digits; some patterns also use re.ASCII. Keeping [0-9] makes this boundary explicit independently of regex flags.",Keep [0-9]; do not mechanically widen this grammar to Unicode-aware \d.,open
62e69493-e4d0-47da-9c5b-3ee629c8e245,python:S6353,scripts/audit.py,65,intentional,"At line 65, if not re.fullmatch(r""==[0-9]+\.[0-9]+\.[0-9]+"", pin): explicitly limits the numeric grammar to ASCII digits. Canonical protocol/date/tooling formats must not accept Unicode digits; some patterns also use re.ASCII. Keeping [0-9] makes this boundary explicit independently of regex flags.",Keep [0-9]; do not mechanically widen this grammar to Unicode-aware \d.,open
f205fcac-ede1-46a0-9491-97ebfddb0ef4,python:S3776,scripts/benchmark_raw.py,246,intentional,"_measure is one benchmark measurement procedure with deliberately separate generation, seal, scan, point-read, RSS, interruption, and ingestion timing boundaries. Extraction could alter the measurement windows or retained working set.",Retain the timing procedure and sampling boundaries; complexity alone does not justify changing a benchmark experiment.,open
7c88e5c9-d390-4f2d-b79a-7d7c88d2f414,python:S2245,scripts/benchmark_raw.py,294,intentional,"Seeded random.Random is used solely for reproducible benchmark workload values or point-read sampling, never for secrets, authentication, names with security authority, or unpredictable identifiers. Cryptographic randomness would impair benchmark reproducibility.",,open
71da7806-bde4-49ec-9101-1b1ba7c5de42,python:S3776,scripts/benchmark_raw.py,507,improved_retained,"benchmark main combines argument bounds/spec creation, worker execution, a long subprocess argument vector, case loops, and report output. The isolated case command assembly is a pure, cohesive 31-argument formatting operation. Implemented: Extracted _case_command preserving subprocess arguments and skip-ingestion choice; bounds, isolation, timeout, and report ordering remain in main. Fresh scan still reports the threshold; further splitting the remaining transaction, bounds, transport or workload lifetime is not justified merely to reduce the metric.","Extract a private case-command builder (and optionally spec construction) while retaining the existing case/repeat ordering, skip-ingestion choice, subprocess isolation, timeout, and report contents.",open
720090d7-12e8-4783-b06f-983bfe46c1e8,python:S3358,src/scryntic/application/sources.py,89,fixed,"SourceDescriptor.require nests InstrumentId, EntityId, and absent-subject classification in a chained conditional expression. The three distinct capability subject kinds are clearer as explicit branches. Implemented: Replaced chained subject-kind ternary with explicit branches retaining original subject truthiness and instrument category behavior.",Use if InstrumentId / elif subject is not None / else to compute kind; preserve instrument category handling and capability matching.,not_open
93cc3250-af3e-4644-9d1f-47c7fc81f819,python:S1172,src/scryntic/archive/canonical.py,171,fixed,normalized_projection serializes only ProcessingOutcome and never reads its semantics parameter. Its current source and four graph-discovered caller sites show that semantic values are serialized separately; the parameter wrongly implies influence on the projection. Implemented: Removed unused semantics parameter and updated all three production callers; parent coordinated the one existing-test caller.,"Remove the unused semantics parameter and update PublicationInput.projection, normalized_parquet._logical, coordinator._logical_sizes, and the normalized-Parquet logical-limit test call; confirm exact callers with source search.",not_open
452ba6e7-aa6d-4bbb-b140-af62623a9c59,python:S3776,src/scryntic/archive/canonical.py,203,intentional,PublicationInput.__post_init__ is a 23-line guard list followed by explicit rejected versus accepted semantic/rejection consistency checks. Its branches are the public raw/normalization correspondence contract.,Retain these compact correspondence and outcome-kind invariants together.,open
1396ad3c-d46f-4ed6-a3e5-6f6009786e6a,python:S6353,src/scryntic/archive/model.py,45,intentional,"At line 45, if re.fullmatch(r""[0-9]{4}-[0-9]{2}-[0-9]{2}"", self.utc_date) is None: explicitly limits the numeric grammar to ASCII digits. Canonical protocol/date/tooling formats must not accept Unicode digits; some patterns also use re.ASCII. Keeping [0-9] makes this boundary explicit independently of regex flags.",Keep [0-9]; do not mechanically widen this grammar to Unicode-aware \d.,open
22df614f-46f8-49c1-bb48-a319a2c5c51f,python:S6353,src/scryntic/archive/model.py,45,intentional,"At line 45, if re.fullmatch(r""[0-9]{4}-[0-9]{2}-[0-9]{2}"", self.utc_date) is None: explicitly limits the numeric grammar to ASCII digits. Canonical protocol/date/tooling formats must not accept Unicode digits; some patterns also use re.ASCII. Keeping [0-9] makes this boundary explicit independently of regex flags.",Keep [0-9]; do not mechanically widen this grammar to Unicode-aware \d.,open
bd21e8de-fb24-46b6-8351-724f60ad6343,python:S6353,src/scryntic/archive/model.py,45,intentional,"At line 45, if re.fullmatch(r""[0-9]{4}-[0-9]{2}-[0-9]{2}"", self.utc_date) is None: explicitly limits the numeric grammar to ASCII digits. Canonical protocol/date/tooling formats must not accept Unicode digits; some patterns also use re.ASCII. Keeping [0-9] makes this boundary explicit independently of regex flags.",Keep [0-9]; do not mechanically widen this grammar to Unicode-aware \d.,open
3bd0f9f8-92e9-4b3b-a00b-0f95579ea9c9,python:S1192,src/scryntic/archive/normalized_parquet.py,41,fixed,"b'scryntic.format' is repeated at current source lines 41, 137, 551. The same wire metadata key is used to define accepted keys, construct metadata, and verify metadata; a module-private named constant prevents these format-contract uses from drifting. Implemented: Introduced module-private _FORMAT_KEY with the exact existing value and replaced the repeated uses; exception classes, wire values, SQL mode, and transaction boundaries remain unchanged.","Introduce a module-private byte-key constant and use it in the key set, schema metadata producer, and metadata reader; retain the wire bytes exactly and avoid a new shared codec abstraction.",not_open
b0f3be5a-3334-4ba1-80fe-6ec41dd4cd8d,python:S1192,src/scryntic/archive/normalized_parquet.py,42,fixed,"b'scryntic.version' is repeated at current source lines 42, 138, 553. The same wire metadata key is used to define accepted keys, construct metadata, and verify metadata; a module-private named constant prevents these format-contract uses from drifting. Implemented: Introduced module-private _VERSION_KEY with the exact existing value and replaced the repeated uses; exception classes, wire values, SQL mode, and transaction boundaries remain unchanged.","Introduce a module-private byte-key constant and use it in the key set, schema metadata producer, and metadata reader; retain the wire bytes exactly and avoid a new shared codec abstraction.",not_open
ca6f0034-d465-4140-b767-97b61c520ddf,python:S1192,src/scryntic/archive/normalized_parquet.py,43,fixed,"b'scryntic.codec' is repeated at current source lines 43, 139, 554. The same wire metadata key is used to define accepted keys, construct metadata, and verify metadata; a module-private named constant prevents these format-contract uses from drifting. Implemented: Introduced module-private _CODEC_KEY with the exact existing value and replaced the repeated uses; exception classes, wire values, SQL mode, and transaction boundaries remain unchanged.","Introduce a module-private byte-key constant and use it in the key set, schema metadata producer, and metadata reader; retain the wire bytes exactly and avoid a new shared codec abstraction.",not_open
73bcebf4-6ed4-4c1f-9b9d-fb9c0de7a758,python:S1192,src/scryntic/archive/normalized_parquet.py,44,fixed,"b'scryntic.record_count' is repeated at current source lines 44, 140, 542. The same wire metadata key is used to define accepted keys, construct metadata, and verify metadata; a module-private named constant prevents these format-contract uses from drifting. Implemented: Introduced module-private _RECORD_COUNT_KEY with the exact existing value and replaced the repeated uses; exception classes, wire values, SQL mode, and transaction boundaries remain unchanged.","Introduce a module-private byte-key constant and use it in the key set, schema metadata producer, and metadata reader; retain the wire bytes exactly and avoid a new shared codec abstraction.",not_open
43ee23cf-d43f-48d6-b509-7c0a621e462d,python:S1192,src/scryntic/archive/normalized_parquet.py,45,fixed,"b'scryntic.logical_decoded_bytes' is repeated at current source lines 45, 141, 544. The same wire metadata key is used to define accepted keys, construct metadata, and verify metadata; a module-private named constant prevents these format-contract uses from drifting. Implemented: Introduced module-private _LOGICAL_BYTES_KEY with the exact existing value and replaced the repeated uses; exception classes, wire values, SQL mode, and transaction boundaries remain unchanged.","Introduce a module-private byte-key constant and use it in the key set, schema metadata producer, and metadata reader; retain the wire bytes exactly and avoid a new shared codec abstraction.",not_open
077b5d4a-ad45-4b65-980a-aff4f0bad12c,python:S3776,src/scryntic/archive/normalized_parquet.py,160,intentional,"_row is a flat dictionary projection. Its optional predecessor, rejection enums, and semantics fields use direct conditional expressions, not nested control flow; the repeated guards keep persisted column-to-property mapping explicit.",Retain the auditable flat projection rather than replacing column mapping with generic attribute lookup.,open
06311506-c641-43d4-9fca-24672238ca37,python:S7503,src/scryntic/archive/normalized_parquet.py,404,intentional,The method implements the asynchronous archive port. RawArchive declares async seal/read; publication invokes sealing through asyncio.run in the synchronous PublicationCoordinator lane. Removing async breaks callers and the contract. The current codec implementation performs bounded synchronous local work; changing scheduling/cancellation needs a separate reviewed design.,,open
463b3448-77c4-46c0-85f9-81d0cdd03dbb,python:S3776,src/scryntic/archive/normalized_parquet.py,404,intentional,"NormalizedParquetArchive.seal co-locates ordered logical-byte validation, staging write, encoded limit, staged/installed equality readback, cleanup, and fixed failure mapping. The score of 18 represents one explicit archive publication lifecycle.",Retain staging/installation lifetime and both readbacks together; do not introduce a seal framework for the metric.,open
98363c7e-f5f6-4440-b331-db074c1fed39,python:S1192,src/scryntic/archive/normalized_parquet.py,411,fixed,"'Normalized archive limits exceeded' is repeated at current source lines 411, 425, 444, 514, 536, 547, 580, 584. The identical sanitized error contract is shared by distinct validation/failure paths. A module-private message constant prevents accidental divergence without embedding input or exception details. Implemented: Introduced module-private _LIMITS_EXCEEDED with the exact existing value and replaced the repeated uses; exception classes, wire values, SQL mode, and transaction boundaries remain unchanged.",Introduce a clearly named module-private constant for this exact sanitized message and replace these occurrences; preserve exception classes and suppression/chaining behavior.,not_open
ea5ead35-e77b-4411-a822-db58dbd6d35c,python:S7503,src/scryntic/archive/normalized_parquet.py,476,intentional,The method implements the asynchronous archive port. RawArchive declares async seal/read; publication invokes sealing through asyncio.run in the synchronous PublicationCoordinator lane. Removing async breaks callers and the contract. The current codec implementation performs bounded synchronous local work; changing scheduling/cancellation needs a separate reviewed design.,,open
72d99183-8b44-43f6-846a-dd8338602627,python:S1192,src/scryntic/archive/normalized_parquet.py,481,fixed,"'Normalized descriptor mismatch' is repeated at current source lines 481, 516, 531, 561. The identical sanitized error contract is shared by distinct validation/failure paths. A module-private message constant prevents accidental divergence without embedding input or exception details. Implemented: Introduced module-private _DESCRIPTOR_MISMATCH with the exact existing value and replaced the repeated uses; exception classes, wire values, SQL mode, and transaction boundaries remain unchanged.",Introduce a clearly named module-private constant for this exact sanitized message and replace these occurrences; preserve exception classes and suppression/chaining behavior.,not_open
7fa97c5d-eb1f-4fa3-a6f0-3a8f95cb9c0d,python:S3776,src/scryntic/archive/normalized_parquet.py,501,improved_retained,"decode_normalized_path combines pinned-file/footer validation, Parquet metadata/schema/column validation, and bounded row accumulation. These are distinct contiguous phases with fixed failure messages; extracting format validators makes the trust boundary easier to inspect without changing decode limits. Implemented: Extracted normalized file/footer, metadata/schema, and column encoding validators; bounded row/byte accumulation remains in the decoder. Fresh scan still reports the threshold; further splitting the remaining transaction, bounds, transport or workload lifetime is not justified merely to reduce the metric.",Extract private validators for the opened file/footer and Parquet schema/encoding; keep size/hash checks before Parquet construction and keep row/count/byte accounting in the decoder.,open
97f49072-a42d-4586-a4e6-41fbcf0fce6a,python:S7503,src/scryntic/archive/raw_framed.py,140,intentional,The method implements the asynchronous archive port. RawArchive declares async seal/read; publication invokes sealing through asyncio.run in the synchronous PublicationCoordinator lane. Removing async breaks callers and the contract. The current codec implementation performs bounded synchronous local work; changing scheduling/cancellation needs a separate reviewed design.,,open
eb984ba6-721f-497e-8b11-f1ff13ec24df,python:S3776,src/scryntic/archive/raw_framed.py,140,intentional,"FramedRawArchive.seal is a 58-line atomic seal path: ordered input/byte limits, framed compression/write, prepared and installed readbacks, and staging cleanup. Its score is 16 and every branch protects this lifecycle.",Retain the seal/install/readback cleanup sequence; no helper framework is needed for a one-point threshold excess.,open
f01476cc-b1b0-47be-9ac5-1e95f972ce6d,python:S1192,src/scryntic/archive/raw_framed.py,149,fixed,"'Archive limits exceeded' is repeated at current source lines 149, 162, 174, 179. The identical sanitized error contract is shared by distinct validation/failure paths. A module-private message constant prevents accidental divergence without embedding input or exception details. Implemented: Introduced module-private _LIMITS_EXCEEDED with the exact existing value and replaced the repeated uses; exception classes, wire values, SQL mode, and transaction boundaries remain unchanged.",Introduce a clearly named module-private constant for this exact sanitized message and replace these occurrences; preserve exception classes and suppression/chaining behavior.,not_open
dfd0dd77-06c4-4a50-a5c8-ea2f985db095,python:S3776,src/scryntic/archive/raw_framed.py,199,fixed,"_walk combines file/header/hash verification with each frame length, bounded decompression, decoder EOF/trailing-data checks, and record decoding. The per-frame decoder is an independently cohesive validation boundary. Implemented: Extracted _read_frame preserving lengths, capped decompression, EOF/trailing checks, and row decode; aggregate byte and identity order checks remain in the walker.","Extract a private bounded frame decoder returning the RawRecord and decoded length; keep shared observed-byte, producer/order, count, and final trailing-byte checks in the walker.",not_open
d7422e04-c582-4aa6-b3d9-931d65b3bb4d,python:S7503,src/scryntic/archive/raw_framed.py,268,intentional,The method implements the asynchronous archive port. RawArchive declares async seal/read; publication invokes sealing through asyncio.run in the synchronous PublicationCoordinator lane. Removing async breaks callers and the contract. The current codec implementation performs bounded synchronous local work; changing scheduling/cancellation needs a separate reviewed design.,,open
f30844e9-d210-43f9-a087-82bb54e78721,python:S1192,src/scryntic/archive/raw_parquet.py,29,fixed,"b'scryntic.format' is repeated at current source lines 29, 72, 391. The same wire metadata key is used to define accepted keys, construct metadata, and verify metadata; a module-private named constant prevents these format-contract uses from drifting. Implemented: Introduced module-private _FORMAT_KEY with the exact existing value and replaced the repeated uses; exception classes, wire values, SQL mode, and transaction boundaries remain unchanged.","Introduce a module-private byte-key constant and use it in the key set, schema metadata producer, and metadata reader; retain the wire bytes exactly and avoid a new shared codec abstraction.",not_open
efc14736-fc16-49d9-9f8f-4ba35aaf1f6a,python:S1192,src/scryntic/archive/raw_parquet.py,30,fixed,"b'scryntic.version' is repeated at current source lines 30, 73, 393. The same wire metadata key is used to define accepted keys, construct metadata, and verify metadata; a module-private named constant prevents these format-contract uses from drifting. Implemented: Introduced module-private _VERSION_KEY with the exact existing value and replaced the repeated uses; exception classes, wire values, SQL mode, and transaction boundaries remain unchanged.","Introduce a module-private byte-key constant and use it in the key set, schema metadata producer, and metadata reader; retain the wire bytes exactly and avoid a new shared codec abstraction.",not_open
e21afd17-a993-40c8-a2ab-9882b247b560,python:S1192,src/scryntic/archive/raw_parquet.py,31,fixed,"b'scryntic.codec' is repeated at current source lines 31, 74, 394. The same wire metadata key is used to define accepted keys, construct metadata, and verify metadata; a module-private named constant prevents these format-contract uses from drifting. Implemented: Introduced module-private _CODEC_KEY with the exact existing value and replaced the repeated uses; exception classes, wire values, SQL mode, and transaction boundaries remain unchanged.","Introduce a module-private byte-key constant and use it in the key set, schema metadata producer, and metadata reader; retain the wire bytes exactly and avoid a new shared codec abstraction.",not_open
a9003363-8c6d-4263-bfee-1640a65684c5,python:S1192,src/scryntic/archive/raw_parquet.py,32,fixed,"b'scryntic.record_count' is repeated at current source lines 32, 75, 380. The same wire metadata key is used to define accepted keys, construct metadata, and verify metadata; a module-private named constant prevents these format-contract uses from drifting. Implemented: Introduced module-private _RECORD_COUNT_KEY with the exact existing value and replaced the repeated uses; exception classes, wire values, SQL mode, and transaction boundaries remain unchanged.","Introduce a module-private byte-key constant and use it in the key set, schema metadata producer, and metadata reader; retain the wire bytes exactly and avoid a new shared codec abstraction.",not_open
c92ce688-72ce-4051-b597-92256c3ef447,python:S1192,src/scryntic/archive/raw_parquet.py,33,fixed,"b'scryntic.logical_decoded_bytes' is repeated at current source lines 33, 76, 383. The same wire metadata key is used to define accepted keys, construct metadata, and verify metadata; a module-private named constant prevents these format-contract uses from drifting. Implemented: Introduced module-private _LOGICAL_BYTES_KEY with the exact existing value and replaced the repeated uses; exception classes, wire values, SQL mode, and transaction boundaries remain unchanged.","Introduce a module-private byte-key constant and use it in the key set, schema metadata producer, and metadata reader; retain the wire bytes exactly and avoid a new shared codec abstraction.",not_open
19d81376-8a1a-4232-9061-5d3d7c47a94f,python:S3776,src/scryntic/archive/raw_parquet.py,255,intentional,"ParquetRawArchive.seal couples order and decoded-byte accounting to table construction, bounded staging write, staged/installed equality readback, and cleanup. This is one readable atomic archive lifecycle despite score 18.",Retain the explicit sealing lifecycle; metadata constants can be introduced independently.,open
bf28fc36-4202-4847-96bd-69ad4b0512f6,python:S7503,src/scryntic/archive/raw_parquet.py,255,intentional,The method implements the asynchronous archive port. RawArchive declares async seal/read; publication invokes sealing through asyncio.run in the synchronous PublicationCoordinator lane. Removing async breaks callers and the contract. The current codec implementation performs bounded synchronous local work; changing scheduling/cancellation needs a separate reviewed design.,,open
278e2773-3260-481c-8572-b10a6dc33e12,python:S1192,src/scryntic/archive/raw_parquet.py,262,fixed,"'Archive limits exceeded' is repeated at current source lines 262, 278, 297, 363, 389, 421, 425. The identical sanitized error contract is shared by distinct validation/failure paths. A module-private message constant prevents accidental divergence without embedding input or exception details. Implemented: Introduced module-private _LIMITS_EXCEEDED with the exact existing value and replaced the repeated uses; exception classes, wire values, SQL mode, and transaction boundaries remain unchanged.",Introduce a clearly named module-private constant for this exact sanitized message and replace these occurrences; preserve exception classes and suppression/chaining behavior.,not_open
631f914a-bc17-4226-8c69-b9f95c44bb59,python:S7503,src/scryntic/archive/raw_parquet.py,323,intentional,The method implements the asynchronous archive port. RawArchive declares async seal/read; publication invokes sealing through asyncio.run in the synchronous PublicationCoordinator lane. Removing async breaks callers and the contract. The current codec implementation performs bounded synchronous local work; changing scheduling/cancellation needs a separate reviewed design.,,open
4374e528-bac4-466d-a61e-0d4e9047fde5,python:S3776,src/scryntic/archive/raw_parquet.py,349,improved_retained,"decode_raw_path repeats the same three decoding phases: opened file/footer safety, schema and column encoding verification, and bounded row accumulation. The nested checks obscure which phase permits parsing untrusted data. Implemented: Extracted raw file/footer, metadata/schema, and column encoding validators; hash-before-parse and bounded row/byte accumulation remain in the decoder. Fresh scan still reports the threshold; further splitting the remaining transaction, bounds, transport or workload lifetime is not justified merely to reduce the metric.","Extract private raw file/footer and Parquet metadata/encoding validators; preserve no-follow access, hash-before-parse, exact schema, bounded batches, and fixed error mapping.",open
66f7287e-c516-4131-854b-7959b57f4e8d,python:S3776,src/scryntic/benchmarks/workloads.py,94,improved_retained,"build_workload is 121 lines with candle, trade, and orderbook payload generators embedded in identity/receipt/byte-budget assembly. These payload kinds are independent generation concerns and dominate nesting. Implemented: Extracted candle/trade/orderbook body generators; exact RNG sequence and complete raw bytes verified against baseline in 40 cases / 5120 records. Fresh scan still reports the threshold; further splitting the remaining transaction, bounds, transport or workload lifetime is not justified merely to reduce the metric.","Extract private per-kind payload generators while preserving seeded RNG call order, mixed-kind selection, recorded replay bytes, receipt/identity assembly, and aggregate payload budgeting.",open
cd747fb9-c6a4-4f73-81ae-8aad21f2e08d,python:S2245,src/scryntic/benchmarks/workloads.py,119,intentional,"Seeded random.Random is used solely for reproducible benchmark workload values or point-read sampling, never for secrets, authentication, names with security authority, or unpredictable identifiers. Cryptographic randomness would impair benchmark reproducibility.",,open
e57432b5-3414-476d-b0c3-7e1909838c01,python:S2245,src/scryntic/benchmarks/workloads.py,133,intentional,"Seeded random.Random is used solely for reproducible benchmark workload values or point-read sampling, never for secrets, authentication, names with security authority, or unpredictable identifiers. Cryptographic randomness would impair benchmark reproducibility.",,not_open
41fc2153-b36f-41dc-821d-b5840bc24a1e,python:S3358,src/scryntic/benchmarks/workloads.py,136,fixed,"The trade upper-batch choice nests 70% and 95% probability cutoffs in one conditional expression passed to min, obscuring the generated distribution. Implemented: Replaced nested distribution ternary with the same 0.70/0.95 if/elif/else cutoffs followed by min; exact bytes verified against baseline.","Use explicit if/elif/else to select 2, 10, or spec.max_trade_batch, then apply min; preserve exactly one rng.random call and both cutoffs.",not_open
a8b45983-b887-4249-b4f4-e2d26caab67c,python:S2245,src/scryntic/benchmarks/workloads.py,138,intentional,"Seeded random.Random is used solely for reproducible benchmark workload values or point-read sampling, never for secrets, authentication, names with security authority, or unpredictable identifiers. Cryptographic randomness would impair benchmark reproducibility.",,not_open
7ca51e53-91d9-46a6-8a52-609f6ea0837d,python:S2245,src/scryntic/benchmarks/workloads.py,147,intentional,"Seeded random.Random is used solely for reproducible benchmark workload values or point-read sampling, never for secrets, authentication, names with security authority, or unpredictable identifiers. Cryptographic randomness would impair benchmark reproducibility.",,not_open
a3f7379d-3b5e-4cf1-a633-48a0d8946865,python:S2245,src/scryntic/benchmarks/workloads.py,154,intentional,"Seeded random.Random is used solely for reproducible benchmark workload values or point-read sampling, never for secrets, authentication, names with security authority, or unpredictable identifiers. Cryptographic randomness would impair benchmark reproducibility.",,not_open
5469547d-10ec-425c-be48-d16e2e88f0bb,python:S2245,src/scryntic/benchmarks/workloads.py,164,intentional,"Seeded random.Random is used solely for reproducible benchmark workload values or point-read sampling, never for secrets, authentication, names with security authority, or unpredictable identifiers. Cryptographic randomness would impair benchmark reproducibility.",,not_open
4284e12d-3acb-4346-9625-56f831b25b73,python:S1192,src/scryntic/clock/chrony.py,21,fixed,"'Invalid synchronization report' is repeated at current source lines 21, 23, 30, 34, 36, 41, 49, 55, 64. The identical sanitized error contract is shared by distinct validation/failure paths. A module-private message constant prevents accidental divergence without embedding input or exception details. Implemented: Introduced module-private _INVALID_REPORT with the exact existing value and replaced the repeated uses; exception classes, wire values, SQL mode, and transaction boundaries remain unchanged.",Introduce a clearly named module-private constant for this exact sanitized message and replace these occurrences; preserve exception classes and suppression/chaining behavior.,not_open
29756482-c3a5-4b60-b18b-0495bf47509d,python:S6353,src/scryntic/clock/chrony.py,39,intentional,"At line 39, r""[0-9]+"", row[2] explicitly limits the numeric grammar to ASCII digits. Canonical protocol/date/tooling formats must not accept Unicode digits; some patterns also use re.ASCII. Keeping [0-9] makes this boundary explicit independently of regex flags.",Keep [0-9]; do not mechanically widen this grammar to Unicode-aware \d.,open
7d57eaa2-2263-4f29-aa03-c234d7d62394,python:S5713,src/scryntic/clock/chrony.py,100,fixed,UnicodeError derives from ValueError already present in this tuple; subprocess.TimeoutExpired is a separate exception and must remain.,"Remove UnicodeError; retain OSError, subprocess.TimeoutExpired, and ValueError.",not_open
29bc51ce-c95f-4c26-a059-11af7b0684dd,python:S3776,src/scryntic/clock/monitor.py,113,intentional,"sample updates disruption, reference progression, unmeasured drift, health quality, logging epoch, previous sample, and last reference in a deliberate order. These decisions share temporal state and affect the returned quality evidence.",Retain the single ordered clock state transition; no speculative helper split across temporal invariants.,open
ec6e8d71-534d-4036-acf1-26cc14d578fb,python:S3776,src/scryntic/composition.py,143,intentional,"build_fake_dataset is a bounded end-to-end demonstration that opens stores in ExitStack and sequentially collects, normalizes, publishes, and builds one dataset. The bounded-loop exhaustion checks clearly document each stage.",Retain this explicit composition flow and cleanup; no generic pipeline abstraction is required.,open
5df4e16d-7877-40c9-abd6-30ae724574fe,python:S3776,src/scryntic/configuration/loader.py,31,intentional,"_configuration is a bounded pure configuration parser with explicit layer-before-precedence validation, capability booleans, credential-reference shape, and clock integer validation. Each short loop maps one configuration section and failure code.",Retain the explicit section validation; no generic parser or new helper framework is required.,open
348232ae-09c8-465c-a0d3-733f0353c297,python:S108,src/scryntic/configuration/paths.py,123,false_positive,The apparently empty with directory(...) body deliberately enters a context manager whose __enter__ opens and validates every path component and whose finally closes the pinned descriptor. Removing the block would remove path validation.,Keep the validation context; an explanatory comment inside the with body may document the intentional enter/exit side effects.,open
b5daf16c-2dea-4e34-b1c5-1da33ae710cb,python:S3776,src/scryntic/dataset/selection.py,75,intentional,"select_candles is one 68-line state machine over accepted, duplicate, open-revision, and finalization outcomes. Each branch uses and mutates the same selected/evidence/revisions state and enforces predecessor/finality invariants.",Retain the explicit ordered revision state machine; do not hide transitions in single-use helpers merely to reduce the score.,open
5807f844-5bef-4663-bf73-54c78b87b101,python:S3776,src/scryntic/dataset/snapshot.py,183,fixed,"DatasetBuilder.build is 203 lines and mixes recipe eligibility, publication correspondence/schema validation, SourceInput assembly, selection, table storage, and a large evidence manifest projection. Collection/validation and manifest projection are cohesive separate operations. Implemented: Extracted _collect_inputs and _manifest_payload preserving publication correspondence, eligibility, lineage, row order, and table-before-manifest installation.","Extract a focused publication-input collector and manifest payload builder; preserve exact correspondence, historical versus strict eligibility, selected row ordering, lineage/evidence, and immutable write order.",not_open
03ac44fc-7cc1-4628-ab95-670d77f4970f,python:S1192,src/scryntic/dataset/snapshot.py,349,fixed,"'decimal128(38,18) candle price' is repeated at current source lines 349, 350, 351, 352. The four OHLC feature definitions intentionally share the same decimal price representation; one named definition keeps their manifest contract consistent. Implemented: Introduced module-private _CANDLE_PRICE_DEFINITION with the exact existing value and replaced the repeated uses; exception classes, wire values, SQL mode, and transaction boundaries remain unchanged.",Introduce one private candle-price feature-definition constant for the four OHLC values; retain exported manifest strings exactly.,not_open
805fca79-607b-4664-9210-dc15126db2b1,python:S5754,src/scryntic/imports/bootstrap.py,121,intentional,"Restricted decoder bootstrap catches every terminal failure and calls os._exit(1), deliberately emitting no exception text or diagnostics on the worker result channel.",,open
120c246a-8f22-4a26-b866-f2dc1471bbd1,python:S930,src/scryntic/imports/catalog.py,119,false_positive,"sqlite3.connect(autocommit=True) is valid on the required Python >=3.12.14,<3.13 runtime. Verified locally using .venv Python 3.12.14: an in-memory connection accepts autocommit=True and reports db.autocommit=True.",,open
ca024992-3791-42e2-9d27-a4d75d5049a3,python:S3776,src/scryntic/imports/launcher.py,16,improved_retained,"bounded_process includes selector pumping plus a nested finally that kills the process group, waits, and closes stdout/stderr. Process cleanup is a cohesive independent operation, and making it explicit improves review of guaranteed termination. Implemented: Extracted _terminate_process for group SIGKILL, wait, and pipe closure; selector pumping and finally ownership remain explicit. Fresh scan still reports the threshold; further splitting the remaining transaction, bounds, transport or workload lifetime is not justified merely to reduce the metric.","Extract a private process termination/pipe cleanup helper; retain unconditional SIGKILL, ProcessLookupError-only suppression, process.wait, and pipe closure.",open
3502771f-3480-4963-8b12-5bbec2c1b76e,python:S5754,src/scryntic/ingestion/sqlite_spool.py,197,intentional,"Startup failure sets shutdown, then joins the non-daemon writer before closing the ExitStack and reraising the original failure; interrupts during join are deferred so resources are not released while the writer is live.",,open
e479faf3-e6c5-4247-b6a3-817534da9173,python:S3776,src/scryntic/ingestion/sqlite_spool.py,243,improved_retained,"_run mixes request-lane fairness and shutdown/connection/fatal-failure lifetime with four request-type dispatch branches. Dispatch is a cohesive operation using the existing connection and request and does not own queue completion. Implemented: Extracted _dispatch including type-specific Future completion to retain sound static typing. Lane fairness, task_done, fatal failure, readiness, and connection lifetime remain in _run. Fresh scan still reports the threshold; further splitting the remaining transaction, bounds, transport or workload lifetime is not justified merely to reduce the metric.","Extract a private request dispatcher returning the operation result; keep future completion, _WriterFatal handling, lane.task_done, shutdown fairness, ready signaling, and connection closure in _run.",open
045cc901-1389-48b5-9041-08d159375875,python:S930,src/scryntic/ingestion/sqlite_spool.py,246,false_positive,"sqlite3.connect(autocommit=True) is valid on the required Python >=3.12.14,<3.13 runtime. Verified locally using .venv Python 3.12.14: an in-memory connection accepts autocommit=True and reports db.autocommit=True.",,open
081d5d6b-288e-4408-b79f-0624147235a2,python:S5754,src/scryntic/ingestion/sqlite_spool.py,282,false_positive,The request handler transfers the caught exception to request.result.set_exception(error). This is propagation across the writer-thread/Future boundary rather than swallowing a terminal exception.,,open
1f1cde59-59ff-4c52-bd0e-120e68f7ba4c,python:S5754,src/scryntic/ingestion/sqlite_spool.py,286,intentional,Top-level writer startup reports failure through _ready.set_exception; the constructor blocks on _ready.result and releases resources after joining the worker. Ordinary low-level startup errors are sanitized as IngestionError.,,open
6a99505d-a5a6-495d-b5e6-a78f688c9788,python:S3776,src/scryntic/ingestion/sqlite_spool.py,368,intentional,"_initialize is a 45-line schema-version dispatcher: WAL/FULL verification, atomic schema creation or v1 recovery-table migration, then schema and integrity checks. Its branches correspond directly to supported durable states and retain rollback next to mutation.",Retain this bounded initialization/migration flow; do not add a transaction framework solely to reduce the score.,open
38fd1a46-e0cb-4c59-8e6d-2ad59b4e0bc3,python:S1192,src/scryntic/ingestion/sqlite_spool.py,380,fixed,"'BEGIN IMMEDIATE' is repeated at current source lines 380, 397, 463, 654. These are the same explicit SQLite write-transaction entry statement. A local named constant documents the transaction mode without altering the transaction boundaries. Implemented: Introduced module-private _BEGIN_IMMEDIATE with the exact existing value and replaced the repeated uses; exception classes, wire values, SQL mode, and transaction boundaries remain unchanged.",Introduce a local module-private BEGIN IMMEDIATE constant and use it at these transaction starts; retain COMMIT/ROLLBACK placement and connection ownership.,not_open
679cd775-6a59-4b6a-95bd-faebf7f2a175,python:S3776,src/scryntic/ingestion/sqlite_spool.py,444,intentional,"_accept keeps disk-headroom admission, insert, offset validation, exact stored-envelope readback, COMMIT, and fatal rollback recovery together. The score is only 16 and separating these steps would make the acknowledgment boundary harder to review.",Retain the atomic accept/readback/commit and writer-fatal rollback flow.,open
38dc3fff-3d74-4ddd-a4b0-5821264cc5f9,python:S5754,src/scryntic/ingestion/sqlite_spool.py,520,corrected_retained,"The acceptance transaction rolls back then unconditionally raises IngestionError, converting a control-flow BaseException such as KeyboardInterrupt/SystemExit into an ordinary error even though the outer writer bridge can propagate BaseException. Fresh scan still reports this rule. Successful rollback preserves terminal exceptions; failed rollback poisons the writer.","Keep rollback for every BaseException; after successful rollback re-raise non-Exception control-flow exits, and sanitize ordinary Exception failures as today. Preserve _WriterFatal if rollback fails.",open
6ddbbd49-9257-4a6f-abd7-c2f029b60ddc,python:S3776,src/scryntic/ingestion/sqlite_spool.py,548,fixed,"_decode_record combines typed scalar accessors with distinct nullable subject-discriminator and source-time-pair decoding. These multi-column formats are independent validation operations and obscure the RawEnvelope field mapping. Implemented: Extracted _stored_subject and _stored_source_time preserving scalar types, incomplete composite rejection, field positions, and payload hashing.","Extract focused stored-subject and stored-source-time decoders while preserving exact type checks, incomplete-pair rejection, payload hashing, and positional field meanings.",not_open
626bff5d-3211-49b0-b785-a0bb036fc7a9,python:S3776,src/scryntic/ingestion/sqlite_spool.py,650,intentional,"_recovery is one 37-line compare-and-swap metadata transaction with stream quota, readback, COMMIT, and fatal rollback handling. The score of 16 reflects the actual coupled transaction decisions.",Retain the single metadata transaction and its readback-before-return invariant.,open
522c940a-4900-44ae-879d-9dd16b80b76d,python:S5754,src/scryntic/ingestion/sqlite_spool.py,678,fixed,Recovery metadata rollback unconditionally replaces the original BaseException with IngestionError; non-Exception exits can therefore lose their termination semantics before the Future propagation bridge.,"Keep unconditional transaction cleanup; re-raise non-Exception control-flow exits after successful cleanup, retaining sanitized IngestionError for ordinary failures.",not_open
560ff3ac-34ff-49d0-8044-2e3491220043,python:S5754,src/scryntic/ingestion/sqlite_spool.py,682,intentional,Any failure of recovery rollback is translated to _WriterFatal so the writer drains outstanding requests and becomes unusable; narrowing this cleanup catch could leave an uncertain SQLite transaction usable.,,open
4c55d4d1-a9e7-4f34-9cc4-c0bf6b3068e7,python:S6353,src/scryntic/normalization/bybit_candle.py,26,intentional,"At line 26, _DECIMAL = re.compile(r""(?:0|[1-9][0-9]*)(?:\.[0-9]+)?"", re.ASCII) explicitly limits the numeric grammar to ASCII digits. Canonical protocol/date/tooling formats must not accept Unicode digits; some patterns also use re.ASCII. Keeping [0-9] makes this boundary explicit independently of regex flags.",Keep [0-9]; do not mechanically widen this grammar to Unicode-aware \d.,open
b32c1035-5b71-42c7-88c9-8eccc65dc95c,python:S6353,src/scryntic/normalization/bybit_candle.py,26,intentional,"At line 26, _DECIMAL = re.compile(r""(?:0|[1-9][0-9]*)(?:\.[0-9]+)?"", re.ASCII) explicitly limits the numeric grammar to ASCII digits. Canonical protocol/date/tooling formats must not accept Unicode digits; some patterns also use re.ASCII. Keeping [0-9] makes this boundary explicit independently of regex flags.",Keep [0-9]; do not mechanically widen this grammar to Unicode-aware \d.,open
9cbaff6a-6a0b-4ec2-b080-fead9d765f30,python:S6353,src/scryntic/normalization/bybit_candle.py,27,intentional,"At line 27, _INTEGER = re.compile(r""[0-9]+"", re.ASCII) explicitly limits the numeric grammar to ASCII digits. Canonical protocol/date/tooling formats must not accept Unicode digits; some patterns also use re.ASCII. Keeping [0-9] makes this boundary explicit independently of regex flags.",Keep [0-9]; do not mechanically widen this grammar to Unicode-aware \d.,open
2b4e5ab9-e61d-45e8-afd3-8f1611738612,python:S3776,src/scryntic/normalization/bybit_candle.py,117,improved_retained,"_inspect spans 119 lines and independently validates the schema declaration, instrument/channel/time correspondence, decimal/OHLC fields, and optional publication time before constructing ParsedFakeCandle. Schema parsing and optional publication-time parsing are cohesive format operations. Implemented: Extracted _schema_declaration and _publication_time preserving validation order, constructor errors, source correspondence, and rejection code/field. Fresh scan still reports the threshold; further splitting the remaining transaction, bounds, transport or workload lifetime is not justified merely to reduce the metric.",Extract focused schema-declaration and publication-time parsing helpers that preserve the existing rejection code/field and validation order; retain the subject/raw correspondence checks in _inspect.,open
b05fdba5-aaa5-4081-9eab-631810fdae22,python:S7500,src/scryntic/normalization/bybit_candle.py,128,intentional,"parse_constant intentionally invokes throw on an empty generator to raise an exception for NaN/Infinity JSON tokens. This is an exception-raising expression, not a redundant collection comprehension; collection-constructor replacement would weaken strict JSON rejection.",,open
1736da72-f5f9-4a4c-9e18-d9e471354331,python:S5713,src/scryntic/normalization/bybit_candle.py,132,fixed,The catch tuple includes UnicodeError and json.JSONDecodeError alongside ValueError; both derive from ValueError. _DuplicateKey remains separately handled before this tuple.,"Use except (ValueError, RecursionError), keeping the separate _DuplicateKey rejection.",not_open
df657bcd-cdb6-4db8-a90a-e0b47ed59de7,python:S5713,src/scryntic/normalization/bybit_candle.py,132,fixed,The catch tuple includes UnicodeError and json.JSONDecodeError alongside ValueError; both derive from ValueError. _DuplicateKey remains separately handled before this tuple.,"Use except (ValueError, RecursionError), keeping the separate _DuplicateKey rejection.",not_open
073c4203-74ff-4fec-9dbd-91f68a4f8309,python:S6353,src/scryntic/normalization/candle.py,41,intentional,"At line 41, _DECIMAL_PATTERN = re.compile(r""[0-9]+(?:\.[0-9]+)?"", flags=re.ASCII) explicitly limits the numeric grammar to ASCII digits. Canonical protocol/date/tooling formats must not accept Unicode digits; some patterns also use re.ASCII. Keeping [0-9] makes this boundary explicit independently of regex flags.",Keep [0-9]; do not mechanically widen this grammar to Unicode-aware \d.,open
ba477f2c-391b-4e1d-9e0c-2c4db7f308e8,python:S6353,src/scryntic/normalization/candle.py,41,intentional,"At line 41, _DECIMAL_PATTERN = re.compile(r""[0-9]+(?:\.[0-9]+)?"", flags=re.ASCII) explicitly limits the numeric grammar to ASCII digits. Canonical protocol/date/tooling formats must not accept Unicode digits; some patterns also use re.ASCII. Keeping [0-9] makes this boundary explicit independently of regex flags.",Keep [0-9]; do not mechanically widen this grammar to Unicode-aware \d.,open
4870d619-0010-4e0f-a025-4f8a8d19621e,python:S6353,src/scryntic/normalization/candle.py,43,intentional,"At line 43, r""(?:0|[1-9][0-9]*|(?:0|[1-9][0-9]*)\.[0-9]*[1-9])"", flags=re.ASCII explicitly limits the numeric grammar to ASCII digits. Canonical protocol/date/tooling formats must not accept Unicode digits; some patterns also use re.ASCII. Keeping [0-9] makes this boundary explicit independently of regex flags.",Keep [0-9]; do not mechanically widen this grammar to Unicode-aware \d.,open
8f2fe340-6303-45fe-b596-06080c72992c,python:S6353,src/scryntic/normalization/candle.py,43,intentional,"At line 43, r""(?:0|[1-9][0-9]*|(?:0|[1-9][0-9]*)\.[0-9]*[1-9])"", flags=re.ASCII explicitly limits the numeric grammar to ASCII digits. Canonical protocol/date/tooling formats must not accept Unicode digits; some patterns also use re.ASCII. Keeping [0-9] makes this boundary explicit independently of regex flags.",Keep [0-9]; do not mechanically widen this grammar to Unicode-aware \d.,open
c430c1ba-e6d5-47df-9a18-8c2c9827a8c7,python:S6353,src/scryntic/normalization/candle.py,43,intentional,"At line 43, r""(?:0|[1-9][0-9]*|(?:0|[1-9][0-9]*)\.[0-9]*[1-9])"", flags=re.ASCII explicitly limits the numeric grammar to ASCII digits. Canonical protocol/date/tooling formats must not accept Unicode digits; some patterns also use re.ASCII. Keeping [0-9] makes this boundary explicit independently of regex flags.",Keep [0-9]; do not mechanically widen this grammar to Unicode-aware \d.,open
be0707ba-05dc-4f89-9ebf-619844436a74,python:S3776,src/scryntic/normalization/runner.py,48,intentional,"process_next is a single-record inspection/metadata/commit decision pipeline: read and barrier verification, rejection versus unsupported schema, metadata absence versus mismatch, then normalization. These explicit bounded branches distinguish Processed, Blocked, and NoWork.",Retain the one-record pipeline and barrier distinctions; no state-machine abstraction is needed.,open
ffc6cd1f-1fa7-4236-b726-eb203423e437,python:S930,src/scryntic/normalization/sqlite_store.py,286,false_positive,"sqlite3.connect(autocommit=True) is valid on the required Python >=3.12.14,<3.13 runtime. Verified locally using .venv Python 3.12.14: an in-memory connection accepts autocommit=True and reports db.autocommit=True.",,open
f72675da-4e70-44a1-b94c-d2ddd6b54145,python:S3776,src/scryntic/normalization/sqlite_store.py,328,intentional,"NormalizationStore._initialize is a 40-line durable startup flow with WAL/FULL/foreign-key verification, a single version-zero schema transaction, and schema/integrity/row validation. Its score is only 16.",Retain the bounded startup transaction and local rollback; no cross-store framework.,open
813f80a3-fa1e-4e80-8cba-b069f5e61765,python:S1192,src/scryntic/normalization/sqlite_store.py,346,fixed,"'BEGIN IMMEDIATE' is repeated at current source lines 346, 499, 579. These are the same explicit SQLite write-transaction entry statement. A local named constant documents the transaction mode without altering the transaction boundaries. Implemented: Introduced module-private _BEGIN_IMMEDIATE with the exact existing value and replaced the repeated uses; exception classes, wire values, SQL mode, and transaction boundaries remain unchanged.",Introduce a local module-private BEGIN IMMEDIATE constant and use it at these transaction starts; retain COMMIT/ROLLBACK placement and connection ownership.,not_open
23a42fa2-963b-48ec-9e34-a3d8c60db26c,python:S1192,src/scryntic/normalization/sqlite_store.py,405,fixed,"'Invalid normalization processing chain' is repeated at current source lines 405, 408, 415. The identical sanitized error contract is shared by distinct validation/failure paths. A module-private message constant prevents accidental divergence without embedding input or exception details. Implemented: Introduced module-private _INVALID_PROCESSING_CHAIN with the exact existing value and replaced the repeated uses; exception classes, wire values, SQL mode, and transaction boundaries remain unchanged.",Introduce a clearly named module-private constant for this exact sanitized message and replace these occurrences; preserve exception classes and suppression/chaining behavior.,not_open
7f2b3430-acb8-4c21-9891-c8d8c76f1538,python:S1192,src/scryntic/normalization/sqlite_store.py,422,fixed,"'Durable normalization store failed' is repeated at current source lines 422, 679, 686. The identical sanitized error contract is shared by distinct validation/failure paths. A module-private message constant prevents accidental divergence without embedding input or exception details. Implemented: Introduced module-private _STORE_FAILED with the exact existing value and replaced the repeated uses; exception classes, wire values, SQL mode, and transaction boundaries remain unchanged.",Introduce a clearly named module-private constant for this exact sanitized message and replace these occurrences; preserve exception classes and suppression/chaining behavior.,not_open
a0ca53dd-eefa-41dc-a798-31e9c986f086,python:S3776,src/scryntic/normalization/sqlite_store.py,486,intentional,"block validates predecessor and raw order inside BEGIN IMMEDIATE, verifies reason/schema/instrument consistency, idempotently inserts or compares one barrier, then reads back barrier/checkpoint before COMMIT. The conditional fields are the barrier schema itself.",Retain the single atomic blocker transaction and explicit reason-dependent validation.,open
4d74a266-0ce9-41c0-954e-63fbc5e686dd,python:S3776,src/scryntic/normalization/sqlite_store.py,568,intentional,"process commits immutable outcome, semantic revision, checkpoint CAS advance, matching barrier removal, and outcome/checkpoint/semantic readback as one transaction. Its branches protect the coupled exactly-once normalization boundary.",Retain this transaction and checkpoint/barrier mutation order; no complexity-only transaction helper extraction.,open
76f76bda-315b-43eb-baa6-05c3a4539c57,python:S5754,src/scryntic/normalization/sqlite_store.py,680,fixed,"The outer persistence caller deliberately re-raises non-Exception exits, but _rollback replaces every BaseException raised during cleanup with NormalizationError, masking control-flow termination.","Mark the store failed and close it on rollback failure as today, then re-raise non-Exception exits; only sanitize ordinary Exception rollback errors.",not_open
850a1219-8276-45ca-a9c9-58b95acafb86,python:S5754,src/scryntic/normalization/sqlite_store.py,684,fixed,"The failed-store cleanup silently swallows all exceptions from connection.close, including control-flow exits rather than only ordinary cleanup failures.",Suppress ordinary Exception close failures to preserve the failed-store error; let non-Exception termination propagate while retaining the failed flag.,not_open
03b53ff1-3a78-41c6-9123-8ad31431ed67,python:S7503,src/scryntic/providers/fake.py,82,intentional,The deterministic fake forecast implements the asynchronous provider contract but performs only bounded in-memory calculation. Keeping async preserves interchangeability with providers that await actual work; adding an artificial await is unnecessary.,,open
35017c5c-8ca4-489c-af5e-c2c75d0fe7a8,python:S7503,src/scryntic/providers/fake.py,93,intentional,The deterministic fake forecast implements the asynchronous provider contract but performs only bounded in-memory calculation. Keeping async preserves interchangeability with providers that await actual work; adding an artificial await is unnecessary.,,open
cd9a5d14-f3b3-4eca-a481-1d131e624524,python:S1192,src/scryntic/publication/coordinator.py,155,fixed,"'Invalid normalization reader result' is repeated at current source lines 155, 159, 169, 173. The identical sanitized error contract is shared by distinct validation/failure paths. A module-private message constant prevents accidental divergence without embedding input or exception details. Implemented: Introduced module-private _INVALID_NORMALIZATION_RESULT with the exact existing value and replaced the repeated uses; exception classes, wire values, SQL mode, and transaction boundaries remain unchanged.",Introduce a clearly named module-private constant for this exact sanitized message and replace these occurrences; preserve exception classes and suppression/chaining behavior.,not_open
54f1796d-ca3c-468b-b106-1a7f24e64013,python:S3776,src/scryntic/publication/coordinator.py,200,intentional,"_select is a 42-line prefix-selection loop that stops at normalization gaps, epoch/partition changes, and record/raw/normalized byte budgets, distinguishing a wait from an unpublishable first record. All branches govern one selected prefix.",Retain the ordered prefix-selection flow and first-record failure distinction.,open
692c4c2d-e3f6-478d-bfcc-97637886c54b,python:S1192,src/scryntic/publication/coordinator.py,278,fixed,"'Publication reservation evidence changed' is repeated at current source lines 278, 287, 290. The identical sanitized error contract is shared by distinct validation/failure paths. A module-private message constant prevents accidental divergence without embedding input or exception details. Implemented: Introduced module-private _RESERVATION_EVIDENCE_CHANGED with the exact existing value and replaced the repeated uses; exception classes, wire values, SQL mode, and transaction boundaries remain unchanged.",Introduce a clearly named module-private constant for this exact sanitized message and replace these occurrences; preserve exception classes and suppression/chaining behavior.,not_open
4df61701-463b-47fc-902d-0b8975b9ef9f,python:S3776,src/scryntic/publication/coordinator.py,442,intentional,"_reconcile_history is a 40-line reconciliation of committed manifest authority and the SQLite catalog, including the prepared pending exception and a successful-cache flag set only after validation. Its coupled checks protect publication history.",Retain authority comparison and cache mutation together; no new reconciliation abstraction is needed.,open
4e042a9b-6150-4a63-99c1-d321417174bc,python:S3776,src/scryntic/publication/manifest.py,73,intentional,"ManifestBody.__post_init__ is a 54-line schema contract validating genesis/sequence, producer/epoch/checkpoint range, archive role order, and record-count correspondence. The checks are explicit linear guards with only the genesis branch nested.",Retain the auditable manifest contract; no validator framework is required.,open
514e36d0-6127-44d2-9434-f1d323c561d3,python:S1192,src/scryntic/publication/manifest.py,524,fixed,"'Manifest identity conflict' is repeated at current source lines 524, 570, 599. The identical sanitized error contract is shared by distinct validation/failure paths. A module-private message constant prevents accidental divergence without embedding input or exception details. Implemented: Introduced module-private _IDENTITY_CONFLICT with the exact existing value and replaced the repeated uses; exception classes, wire values, SQL mode, and transaction boundaries remain unchanged.",Introduce a clearly named module-private constant for this exact sanitized message and replace these occurrences; preserve exception classes and suppression/chaining behavior.,not_open
79965d97-efd1-4961-bacd-c7ff6a311a31,python:S1192,src/scryntic/publication/manifest.py,542,fixed,"'Manifest sequence conflict' is repeated at current source lines 542, 596, 633. The identical sanitized error contract is shared by distinct validation/failure paths. A module-private message constant prevents accidental divergence without embedding input or exception details. Implemented: Introduced module-private _SEQUENCE_CONFLICT with the exact existing value and replaced the repeated uses; exception classes, wire values, SQL mode, and transaction boundaries remain unchanged.",Introduce a clearly named module-private constant for this exact sanitized message and replace these occurrences; preserve exception classes and suppression/chaining behavior.,not_open
8eb664c7-159d-4a8d-86a4-7e7f8cb91ae6,python:S3776,src/scryntic/publication/manifest.py,608,fixed,"iter_committed nests epoch and sequence directory iteration with slot name, entry count, manifest parsing, and namespace validation. Reading/validating a single committed slot is a cohesive unit and currently obscures the directory walk. Implemented: Extracted _committed_slot for slot names, directory/entry validation, manifest parsing, and namespace correspondence; empty crash slots remain harmless.","Extract a private committed-slot validator/reader returning an optional document-data pair; retain empty crash slots, directory validation, one-entry enforcement, namespace checks, and sanitized failures.",not_open
6900924b-b84d-4296-98fe-d0923e4f0ebc,python:S3776,src/scryntic/publication/reader.py,107,intentional,"_continuity checks both an epoch predecessor by external manifest and an optional global predecessor by catalog evidence, then reports SELF/EPOCH/GLOBAL. The branches define distinct continuity guarantees and share the current document.",Retain the two explicit predecessor authorities and continuity precedence.,open
63e665d4-8246-46f5-a739-943d24788fdd,python:S1192,src/scryntic/publication/reader.py,112,fixed,"'Invalid manifest predecessor' is repeated at current source lines 112, 123, 128, 135. The identical sanitized error contract is shared by distinct validation/failure paths. A module-private message constant prevents accidental divergence without embedding input or exception details. Implemented: Introduced module-private _INVALID_PREDECESSOR with the exact existing value and replaced the repeated uses; exception classes, wire values, SQL mode, and transaction boundaries remain unchanged.",Introduce a clearly named module-private constant for this exact sanitized message and replace these occurrences; preserve exception classes and suppression/chaining behavior.,not_open
92599783-9162-4ec1-b14f-1255ece82ced,python:S3776,src/scryntic/publication/reader.py,156,intentional,"_read_objects is a 69-line verification chain relating raw/normalized descriptors, decoded identities and logical bytes, reconstructed PublicationInput, ordered digest, and partition. Its score is 17 and each check is directly visible in the reader trust boundary.",Retain the paired object correspondence checks; any later extraction must preserve the linked digest and partition verification.,open
fa1a93c1-69e0-46d6-a35b-96b0c4a9c3b9,python:S1192,src/scryntic/publication/reader.py,167,fixed,"'Invalid publication object descriptor' is repeated at current source lines 167, 174, 201. The identical sanitized error contract is shared by distinct validation/failure paths. A module-private message constant prevents accidental divergence without embedding input or exception details. Implemented: Introduced module-private _INVALID_OBJECT_DESCRIPTOR with the exact existing value and replaced the repeated uses; exception classes, wire values, SQL mode, and transaction boundaries remain unchanged.",Introduce a clearly named module-private constant for this exact sanitized message and replace these occurrences; preserve exception classes and suppression/chaining behavior.,not_open
71cc4dc4-78f7-4789-a513-fe815a263237,python:S1192,src/scryntic/publication/reader.py,193,fixed,"'Publication object rows disagree' is repeated at current source lines 193, 205, 210, 213. The identical sanitized error contract is shared by distinct validation/failure paths. A module-private message constant prevents accidental divergence without embedding input or exception details. Implemented: Introduced module-private _OBJECT_ROWS_DISAGREE with the exact existing value and replaced the repeated uses; exception classes, wire values, SQL mode, and transaction boundaries remain unchanged.",Introduce a clearly named module-private constant for this exact sanitized message and replace these occurrences; preserve exception classes and suppression/chaining behavior.,not_open
87007d37-4bff-4fbc-8be0-116061ae5167,python:S3776,src/scryntic/publication/sqlite_store.py,85,intentional,"PublicationReservation.__post_init__ is a 45-line linear validation of identifiers/algorithms, ordered input identities and fingerprints, checkpoints, ordered digest, and genesis link. A single input-order loop is the substantive nested portion.",Retain the compact reservation contract; no threshold-only split.,open
e5394da3-bea1-4ce8-bd85-62df6e1386d3,python:S930,src/scryntic/publication/sqlite_store.py,296,false_positive,"sqlite3.connect(autocommit=True) is valid on the required Python >=3.12.14,<3.13 runtime. Verified locally using .venv Python 3.12.14: an in-memory connection accepts autocommit=True and reports db.autocommit=True.",,open
991dc5df-4c16-4ab2-96f4-1e8f2316faa6,python:S3776,src/scryntic/publication/sqlite_store.py,337,intentional,"PublicationStore._initialize is a 40-line WAL/FULL/foreign-key setup and schema-version creation transaction followed by schema, integrity, foreign-key, and row verification. Rollback is adjacent to the only mutation branch.",Retain this bounded startup transaction; introducing cross-store initialization abstractions would broaden scope.,open
ec571228-01b0-4d91-b54f-c778e9f9cc46,python:S1192,src/scryntic/publication/sqlite_store.py,355,fixed,"'BEGIN IMMEDIATE' is repeated at current source lines 355, 588, 684, 724. These are the same explicit SQLite write-transaction entry statement. A local named constant documents the transaction mode without altering the transaction boundaries. Implemented: Introduced module-private _BEGIN_IMMEDIATE with the exact existing value and replaced the repeated uses; exception classes, wire values, SQL mode, and transaction boundaries remain unchanged.",Introduce a local module-private BEGIN IMMEDIATE constant and use it at these transaction starts; retain COMMIT/ROLLBACK placement and connection ownership.,not_open
d92c35b6-64f7-4f3b-89fd-0a810458cbe6,python:S3776,src/scryntic/publication/sqlite_store.py,401,intentional,_validate_rows explicitly reconstructs the global catalog checkpoint chain and per-epoch heads before checking checkpoint and pending-publication correspondence. The local accumulators make history consistency auditable.,Retain the catalog/checkpoint/pending verification phases in this bounded function; avoid a new history-validation abstraction solely for the metric.,open
cbb1ba5c-4616-4ca5-9812-8220fb59adee,python:S1192,src/scryntic/publication/sqlite_store.py,466,fixed,"'Durable publication store failed' is repeated at current source lines 466, 889, 896. The identical sanitized error contract is shared by distinct validation/failure paths. A module-private message constant prevents accidental divergence without embedding input or exception details. Implemented: Introduced module-private _STORE_FAILED with the exact existing value and replaced the repeated uses; exception classes, wire values, SQL mode, and transaction boundaries remain unchanged.",Introduce a clearly named module-private constant for this exact sanitized message and replace these occurrences; preserve exception classes and suppression/chaining behavior.,not_open
6ea3cc45-6d4b-470b-ba7b-af1d82359a2a,python:S3776,src/scryntic/publication/sqlite_store.py,582,intentional,"reserve is one atomic transaction: idempotent existing reservation, checkpoint/epoch CAS evidence, pending/input insert, exact readback, COMMIT, and rollback/fixed errors. Score 16 is a one-point excess for necessary durable branches.","Retain the transaction, idempotent return, and readback-before-commit sequence.",open
29381296-a105-4da3-a9d2-70c9f56b53b9,python:S3776,src/scryntic/publication/sqlite_store.py,712,intentional,"commit_prepared keeps catalog insert, conditional checkpoint insert/CAS update, pending deletion, transaction readback, COMMIT and rollback adjacent. Splitting its decisions could obscure the durable publication acknowledgment boundary.",Retain the atomic catalog/checkpoint commit and fault-injection order.,open
894d89b4-4c50-4d7b-b4e4-3fc1c7b51309,python:S5754,src/scryntic/publication/sqlite_store.py,890,fixed,"Publication transaction callers deliberately re-raise non-Exception exits, but failed rollback replaces every BaseException with PublicationError, masking termination raised during cleanup.",Keep the failed flag and close attempt; re-raise non-Exception exits after cleanup and translate only ordinary Exception rollback failures.,not_open
2d8dc0f3-352d-4c1e-9c5c-e91fd3eea0a2,python:S5754,src/scryntic/publication/sqlite_store.py,894,fixed,"The fail-closed cleanup silently swallows every connection.close failure, including KeyboardInterrupt/SystemExit rather than just ordinary close errors.",Catch ordinary Exception close errors while preserving non-Exception control-flow termination and the failed-store state.,not_open
0d9d51ec-96a7-4f86-b8d1-aced4ed439e6,python:S5655,src/scryntic/recovery/coverage.py,277,false_positive,"_save requires CoverageSnapshot; the argument at line 277 is dataclasses.replace(state or self.snapshot, ...). Both originate as CoverageSnapshot and dataclasses.replace preserves that concrete dataclass type; this is analyzer inference loss rather than an incompatible argument.",,open
5989c3f5-6aa4-4158-bdb4-2e93b7ed8123,python:S5655,src/scryntic/recovery/coverage.py,282,false_positive,"_save requires CoverageSnapshot; the argument at line 282 is dataclasses.replace(state or self.snapshot, ...). Both originate as CoverageSnapshot and dataclasses.replace preserves that concrete dataclass type; this is analyzer inference loss rather than an incompatible argument.",,open
0edc8a08-7fef-46f6-b598-6fa6320bdcc1,python:S5655,src/scryntic/recovery/coverage.py,318,false_positive,"_save requires CoverageSnapshot; the argument at line 318 is dataclasses.replace(state or self.snapshot, ...). Both originate as CoverageSnapshot and dataclasses.replace preserves that concrete dataclass type; this is analyzer inference loss rather than an incompatible argument.",,open
233f6cbb-cbe1-4ac6-9f19-a844b24a5a7e,python:S5655,src/scryntic/recovery/coverage.py,333,false_positive,"_save requires CoverageSnapshot; the argument at line 333 is dataclasses.replace(state or self.snapshot, ...). Both originate as CoverageSnapshot and dataclasses.replace preserves that concrete dataclass type; this is analyzer inference loss rather than an incompatible argument.",,open
04774a9b-823e-4277-93f6-c0f6d0f0b3bf,python:S5655,src/scryntic/recovery/coverage.py,469,false_positive,"_save requires CoverageSnapshot; the argument at line 469 is dataclasses.replace(state or self.snapshot, ...). Both originate as CoverageSnapshot and dataclasses.replace preserves that concrete dataclass type; this is analyzer inference loss rather than an incompatible argument.",,open
e0268747-8d58-473b-a3c1-0d3d0e862c14,python:S5655,src/scryntic/recovery/coverage.py,488,false_positive,"_save requires CoverageSnapshot; the argument at line 488 is dataclasses.replace(state or self.snapshot, ...). Both originate as CoverageSnapshot and dataclasses.replace preserves that concrete dataclass type; this is analyzer inference loss rather than an incompatible argument.",,open
8ff90a5e-cf5d-45b3-a58f-59d5787ce8af,python:S5655,src/scryntic/recovery/coverage.py,495,false_positive,"_save requires CoverageSnapshot; the argument at line 495 is dataclasses.replace(state or self.snapshot, ...). Both originate as CoverageSnapshot and dataclasses.replace preserves that concrete dataclass type; this is analyzer inference loss rather than an incompatible argument.",,open
5cccdef4-605d-4cf6-87b1-f4ef5f569f90,python:S5655,src/scryntic/recovery/coverage.py,500,false_positive,"_save requires CoverageSnapshot; the argument at line 500 is dataclasses.replace(state or self.snapshot, ...). Both originate as CoverageSnapshot and dataclasses.replace preserves that concrete dataclass type; this is analyzer inference loss rather than an incompatible argument.",,open
0fdf90e2-8540-4ce7-b990-cd21dc5a9a50,python:S5655,src/scryntic/recovery/coverage.py,517,false_positive,"_save requires CoverageSnapshot; the argument at line 517 is dataclasses.replace(state or self.snapshot, ...). Both originate as CoverageSnapshot and dataclasses.replace preserves that concrete dataclass type; this is analyzer inference loss rather than an incompatible argument.",,open
097f440a-27e2-4ac7-8c4f-2554e8d3b818,python:S7497,src/scryntic/recovery/supervisor.py,96,false_positive,"_settle catches cancellation only to finish joining the shielded task, remembers it in cancelled, then explicitly raises asyncio.CancelledError at line 103 after observing the task failure. Repeated cancellation is deferred for cleanup, not suppressed.",,open
533bc132-082f-405c-be72-3dc3379bc737,python:S6353,src/scryntic/sources/bybit.py,66,intentional,"At line 66, _DECIMAL = re.compile(r""(?:0|[1-9][0-9]*)(?:\.[0-9]+)?"", re.ASCII) explicitly limits the numeric grammar to ASCII digits. Canonical protocol/date/tooling formats must not accept Unicode digits; some patterns also use re.ASCII. Keeping [0-9] makes this boundary explicit independently of regex flags.",Keep [0-9]; do not mechanically widen this grammar to Unicode-aware \d.,open
5927e38d-dd06-48fc-b06f-dd20a93a666d,python:S6353,src/scryntic/sources/bybit.py,66,intentional,"At line 66, _DECIMAL = re.compile(r""(?:0|[1-9][0-9]*)(?:\.[0-9]+)?"", re.ASCII) explicitly limits the numeric grammar to ASCII digits. Canonical protocol/date/tooling formats must not accept Unicode digits; some patterns also use re.ASCII. Keeping [0-9] makes this boundary explicit independently of regex flags.",Keep [0-9]; do not mechanically widen this grammar to Unicode-aware \d.,open
68be7366-5773-4ab5-aaa7-2106c71a8ee7,python:S6353,src/scryntic/sources/bybit.py,67,intentional,"At line 67, _INTEGER = re.compile(r""[0-9]+"", re.ASCII) explicitly limits the numeric grammar to ASCII digits. Canonical protocol/date/tooling formats must not accept Unicode digits; some patterns also use re.ASCII. Keeping [0-9] makes this boundary explicit independently of regex flags.",Keep [0-9]; do not mechanically widen this grammar to Unicode-aware \d.,open
29d1b028-00ae-4b42-8341-42a308a0dfa1,python:S3776,src/scryntic/sources/bybit.py,122,improved_retained,"PublicHTTP.get mixes bounded HTTP transport and strict JSON/result-envelope parsing. The latter block at 184-202 has no transport lifetime state and has distinct sanitized response failures. Implemented: Extracted _decode_public_result for strict JSON and result-envelope validation; bounded transport remains in BybitPublicClient.get. Fresh scan still reports the threshold; further splitting the remaining transaction, bounds, transport or workload lifetime is not justified merely to reduce the metric.","Extract a strict response-body parser returning the validated result dictionary; retain endpoint/host checks, rate limiting, deadlines, and byte budgets in get.",open
ffedf3fd-65c6-4827-a046-c89574680ac6,python:S4830,src/scryntic/sources/bybit.py,136,false_positive,"The aiohttp.TCPConnector explicitly receives ssl=ssl.create_default_context(), which enables certificate verification and hostname checking. The transport is pinned to approved public Bybit HTTPS/WSS URLs; TLS verification is not disabled.",,open
c2c0615a-c9fa-4224-9f9a-3cb695e8551a,python:S1192,src/scryntic/sources/bybit.py,166,fixed,"'Bybit public request failed' is repeated at current source lines 166, 181, 183. The identical sanitized error contract is shared by distinct validation/failure paths. A module-private message constant prevents accidental divergence without embedding input or exception details. Implemented: Introduced module-private _PUBLIC_REQUEST_FAILED with the exact existing value and replaced the repeated uses; exception classes, wire values, SQL mode, and transaction boundaries remain unchanged.",Introduce a clearly named module-private constant for this exact sanitized message and replace these occurrences; preserve exception classes and suppression/chaining behavior.,not_open
b7a3b6cd-d225-408c-bcad-1d3baec3fea9,python:S7500,src/scryntic/sources/bybit.py,188,intentional,"parse_constant intentionally invokes throw on an empty generator to raise an exception for NaN/Infinity JSON tokens. This is an exception-raising expression, not a redundant collection comprehension; collection-constructor replacement would weaken strict JSON rejection.",,open
32476885-f1ee-43c2-b9f0-a97cc58470a2,python:S1192,src/scryntic/sources/bybit.py,191,fixed,"'Invalid Bybit response' is repeated at current source lines 191, 193, 201, 207, 213, 255. The identical sanitized error contract is shared by distinct validation/failure paths. A module-private message constant prevents accidental divergence without embedding input or exception details. Implemented: Introduced module-private _INVALID_RESPONSE with the exact existing value and replaced the repeated uses; exception classes, wire values, SQL mode, and transaction boundaries remain unchanged.",Introduce a clearly named module-private constant for this exact sanitized message and replace these occurrences; preserve exception classes and suppression/chaining behavior.,not_open
e4b20e87-14f4-4739-9264-610e64c9f2b4,python:S1192,src/scryntic/sources/bybit.py,220,fixed,"'Invalid Bybit decimal' is repeated at current source lines 220, 224, 226, 233, 237, 239. The identical sanitized error contract is shared by distinct validation/failure paths. A module-private message constant prevents accidental divergence without embedding input or exception details. Implemented: Introduced module-private _INVALID_DECIMAL with the exact existing value and replaced the repeated uses; exception classes, wire values, SQL mode, and transaction boundaries remain unchanged.",Introduce a clearly named module-private constant for this exact sanitized message and replace these occurrences; preserve exception classes and suppression/chaining behavior.,not_open
59b504a0-dfe3-4b86-9e80-7fed0f6fb21e,python:S1192,src/scryntic/sources/bybit.py,360,fixed,"'Invalid Bybit cursor' is repeated at current source lines 360, 364, 375. The identical sanitized error contract is shared by distinct validation/failure paths. A module-private message constant prevents accidental divergence without embedding input or exception details. Implemented: Introduced module-private _INVALID_CURSOR with the exact existing value and replaced the repeated uses; exception classes, wire values, SQL mode, and transaction boundaries remain unchanged.",Introduce a clearly named module-private constant for this exact sanitized message and replace these occurrences; preserve exception classes and suppression/chaining behavior.,not_open
9acdd1dc-33d8-49d6-9380-0cf080266fe2,python:S1481,src/scryntic/sources/bybit.py,416,fixed,"The _kline_row assignment at 416 eagerly validates both volume and turnover through _nonnegative_decimal, but neither bound local is read because the original canonical numeric strings are returned. The validation calls remain necessary. Implemented: Removed unused volume/turnover bindings; explicit loop still validates both numeric[4:] fields and returns the original numeric strings.",Replace the unused bindings with an explicit loop calling _nonnegative_decimal for numeric[4:]; preserve validation of both fields and return the original string values.,not_open
9d3415c0-d8ea-446c-89e1-f767e778f090,python:S1481,src/scryntic/sources/bybit.py,416,fixed,"The _kline_row assignment at 416 eagerly validates both volume and turnover through _nonnegative_decimal, but neither bound local is read because the original canonical numeric strings are returned. The validation calls remain necessary. Implemented: Removed unused turnover/volume bindings; explicit loop still validates both numeric[4:] fields and returns the original numeric strings.",Replace the unused bindings with an explicit loop calling _nonnegative_decimal for numeric[4:]; preserve validation of both fields and return the original string values.,not_open
84925a57-8e26-4e28-a568-df31653a29af,python:S7503,src/scryntic/sources/bybit.py,478,intentional,BybitSource.close implements the async source close contract and only marks the adapter closed; the injected per-request HTTP client owns no persistent resource requiring awaited shutdown.,,open
0a8fa35e-efd7-4f59-b4c5-05b78db3c3a4,python:S3776,src/scryntic/sources/bybit.py,481,intentional,"discover is a 34-line bounded pagination loop with category-specific query parameters, instrument conflict detection, cursor validation, cycle detection, and sorted terminal output. All branches govern one discovery page chain.",Retain the bounded page/cursor flow; a merge helper would add indirection for a short single-use loop.,open
e158163d-b464-44b2-9cbd-6a15a132a237,python:S3776,src/scryntic/sources/bybit.py,516,improved_retained,"fetch includes request/cursor and response-page validation followed by roughly 40 lines of per-row JSON/RawEnvelope assembly. Envelope construction is a distinct repeatable domain operation and masks the pagination logic. Implemented: Extracted _candle_envelope preserving canonical JSON, shared receipt, finality, payload limit, and identity; pagination remains in fetch. Fresh scan still reports the threshold; further splitting the remaining transaction, bounds, transport or workload lifetime is not justified merely to reduce the metric.","Extract a private candle-envelope builder receiving subject, row timestamp/values, and the shared receipt; preserve canonical ASCII JSON, finality calculation, payload limit, identity, and next-cursor behavior.",open
aa88409e-fb6d-4a69-9ed6-02c9545b6363,python:S1192,src/scryntic/sources/bybit_checkpoint.py,77,fixed,"'Invalid Bybit checkpoint' is repeated at current source lines 77, 83, 87, 100, 103, 108. The identical sanitized error contract is shared by distinct validation/failure paths. A module-private message constant prevents accidental divergence without embedding input or exception details. Implemented: Introduced module-private _INVALID_CHECKPOINT with the exact existing value and replaced the repeated uses; exception classes, wire values, SQL mode, and transaction boundaries remain unchanged.",Introduce a clearly named module-private constant for this exact sanitized message and replace these occurrences; preserve exception classes and suppression/chaining behavior.,not_open
13bfedb6-2f36-4437-9732-7b998dd99f57,python:S5713,src/scryntic/sources/bybit_checkpoint.py,86,fixed,"UnicodeError derives from ValueError already caught by this tuple, so it adds no handled failures.",Remove UnicodeError and retain ValueError plus the other independent exceptions.,not_open
8d1d11e0-9469-4272-aa60-eb7cff91a931,python:S5713,src/scryntic/sources/bybit_checkpoint.py,107,fixed,"UnicodeError derives from ValueError already caught by this tuple, so it adds no handled failures.",Remove UnicodeError and retain ValueError plus the other independent exceptions.,not_open
22022537-92ae-4d93-a9c5-82112b544abf,python:S6353,src/scryntic/sources/bybit_live.py,46,intentional,"At line 46, _DECIMAL = re.compile(r""(?:0|[1-9][0-9]*)(?:\.[0-9]+)?"", re.ASCII) explicitly limits the numeric grammar to ASCII digits. Canonical protocol/date/tooling formats must not accept Unicode digits; some patterns also use re.ASCII. Keeping [0-9] makes this boundary explicit independently of regex flags.",Keep [0-9]; do not mechanically widen this grammar to Unicode-aware \d.,open
f20c700e-a037-4c8b-b177-4657775c5c9a,python:S6353,src/scryntic/sources/bybit_live.py,46,intentional,"At line 46, _DECIMAL = re.compile(r""(?:0|[1-9][0-9]*)(?:\.[0-9]+)?"", re.ASCII) explicitly limits the numeric grammar to ASCII digits. Canonical protocol/date/tooling formats must not accept Unicode digits; some patterns also use re.ASCII. Keeping [0-9] makes this boundary explicit independently of regex flags.",Keep [0-9]; do not mechanically widen this grammar to Unicode-aware \d.,open
0f759e2f-9330-4114-b6ad-0f3614087ded,python:S4830,src/scryntic/sources/bybit_live.py,142,false_positive,"The aiohttp.TCPConnector explicitly receives ssl=ssl.create_default_context(), which enables certificate verification and hostname checking. The transport is pinned to approved public Bybit HTTPS/WSS URLs; TLS verification is not disabled.",,open
4c5be865-23ce-4d5d-8082-3a81da56e303,python:S5713,src/scryntic/sources/bybit_live.py,157,fixed,"The catch tuple contains TimeoutError together with OSError; TimeoutError is an OSError subclass, so its entry is redundant without changing the set of failures handled.",Remove TimeoutError from this catch tuple; retain OSError and the domain/aiohttp exceptions.,not_open
77d43363-d5e8-42b2-8270-b2d78b3ed816,python:S7500,src/scryntic/sources/bybit_live.py,192,intentional,"parse_constant intentionally invokes throw on an empty generator to raise an exception for NaN/Infinity JSON tokens. This is an exception-raising expression, not a redundant collection comprehension; collection-constructor replacement would weaken strict JSON rejection.",,open
7152bb12-7a4e-4e4d-9d84-b0427d092b85,python:S5713,src/scryntic/sources/bybit_live.py,194,fixed,"UnicodeError derives from ValueError already caught by this tuple, so it adds no handled failures.",Remove UnicodeError and retain ValueError plus the other independent exceptions.,not_open
ee29a3e5-655c-4136-8cf1-24fc59bd9bca,python:S1192,src/scryntic/sources/bybit_live.py,207,fixed,"'Invalid Bybit candle decimal' is repeated at current source lines 207, 210, 212. The identical sanitized error contract is shared by distinct validation/failure paths. A module-private message constant prevents accidental divergence without embedding input or exception details. Implemented: Introduced module-private _INVALID_CANDLE_DECIMAL with the exact existing value and replaced the repeated uses; exception classes, wire values, SQL mode, and transaction boundaries remain unchanged.",Introduce a clearly named module-private constant for this exact sanitized message and replace these occurrences; preserve exception classes and suppression/chaining behavior.,not_open
2ccdea61-b7b8-4ce7-ae3d-e001122488de,python:S3776,src/scryntic/sources/bybit_live.py,417,improved_retained,"_connected contains a long two-form pong predicate at 465-478 inside the heartbeat scheduling loop. This protocol classification is independently meaningful and obscures deadline handling. Implemented: Extracted _is_pong preserving both existing pong forms and ASCII argument checks; socket and heartbeat lifetime remain explicit. Fresh scan still reports the threshold; further splitting the remaining transaction, bounds, transport or workload lifetime is not justified merely to reduce the metric.",Extract a private pong-document predicate preserving both accepted forms and ASCII args checks; optionally extract the bounded subscription-ack validator while retaining socket/deadline lifetime in _connected.,open
3c2be39a-4a6b-43a5-ab05-147a715e0bc3,python:S1192,src/scryntic/sources/bybit_live.py,433,fixed,"'Bybit subscription rejected' is repeated at current source lines 433, 436, 603. The identical sanitized error contract is shared by distinct validation/failure paths. A module-private message constant prevents accidental divergence without embedding input or exception details. Implemented: Introduced module-private _SUBSCRIPTION_REJECTED with the exact existing value and replaced the repeated uses; exception classes, wire values, SQL mode, and transaction boundaries remain unchanged.",Introduce a clearly named module-private constant for this exact sanitized message and replace these occurrences; preserve exception classes and suppression/chaining behavior.,not_open
be5a7820-0ebe-40e2-a189-ab1557422f63,python:S3776,src/scryntic/sources/bybit_live.py,490,intentional,"_bounded intentionally co-locates pump admission, duplicate tracking, bounded queue overflow, wake coordination, yielded-envelope lease release, reader cancellation, and residual lease draining. The nested pump shares queue/wake/seen ownership with the consumer.",Retain this bounded producer/consumer lifetime; avoid moving captured queue or lease state into a generalized intake abstraction just to meet the complexity threshold.,open
568de884-0099-477f-9567-50a5059c1f9e,python:S3776,src/scryntic/sources/bybit_live.py,565,intentional,"stream is the single reconnection state machine: start gate, socket and intake closure, configuration failures, owned-task cancellation distinction, source-loss notification, and exponential closed-event wait. The branches determine live ownership and recovery behavior.",Retain the coupled reconnect/cancellation/socket lifecycle; no threshold-driven lifecycle redesign.,open
2b3ca4dd-cadf-46f3-9541-bacd5a4d818f,python:S5713,src/scryntic/sources/bybit_live.py,618,fixed,"The catch tuple contains TimeoutError together with OSError; TimeoutError is an OSError subclass, so its entry is redundant without changing the set of failures handled.",Remove TimeoutError from this catch tuple; retain OSError and the domain/aiohttp exceptions.,not_open
ac6e915e-e50e-4c3d-93ce-aea69df4f55b,python:S7503,src/scryntic/sources/fake.py,108,intentional,The bounded deterministic fake source implements asynchronous HistoricalSource.fetch/Source.close interfaces. Its in-memory operation or close flag does not need to await; removing async breaks protocol callers.,,open
82edd405-9ad7-4a93-8a6b-d2b865782468,python:S7503,src/scryntic/sources/fake.py,140,intentional,The bounded deterministic fake source implements asynchronous HistoricalSource.fetch/Source.close interfaces. Its in-memory operation or close flag does not need to await; removing async breaks protocol callers.,,open
6e738398-4f86-4a51-8d70-fb22ea00e3a0,python:S5778,tests/archive/test_canonical.py,222,fixed,tests/archive/test_canonical.py:222 targets PublicationInput while also evaluating _rejected_vector. Separate valid setup from the rejected operation to prevent setup exceptions from satisfying the expected exception.,"Hoist valid helper calls and argument construction before pytest.raises; keep the target PublicationInput inside. When target is replace or a constructor, leave the invalid replacement/construction inside and hoist only its valid inputs.",not_open
75c375be-ce02-40c1-b5a1-8ef20a679148,python:S5778,tests/archive/test_normalized_parquet.py,139,fixed,"tests/archive/test_normalized_parquet.py:139 intends to reject async archive.seal, but constructs argument fixtures inside the exception region: _limits. Hoisting setup makes the asserted failure originate from the archive/source/analysis operation.","Prepare all valid records, references, limits, providers and service instances outside pytest.raises. Create the operation coroutine after setup, immediately before raises; retain only asyncio.run(coroutine) inside. Preserve intentionally hostile argument values and existing match checks.",not_open
636c25d7-5658-4a2f-836d-38e176f026d2,python:S5778,tests/archive/test_normalized_parquet.py,141,fixed,"tests/archive/test_normalized_parquet.py:141 intends to reject async archive.read, but constructs argument fixtures inside the exception region: _limits. Hoisting setup makes the asserted failure originate from the archive/source/analysis operation.","Prepare all valid records, references, limits, providers and service instances outside pytest.raises. Create the operation coroutine after setup, immediately before raises; retain only asyncio.run(coroutine) inside. Preserve intentionally hostile argument values and existing match checks.",not_open
4c10337a-2e4c-42d8-ac51-33067cb27519,python:S5778,tests/archive/test_normalized_parquet.py,150,fixed,"tests/archive/test_normalized_parquet.py:150 intends to reject async archive.read, but constructs argument fixtures inside the exception region: replace, _limits. Hoisting setup makes the asserted failure originate from the archive/source/analysis operation.","Prepare all valid records, references, limits, providers and service instances outside pytest.raises. Create the operation coroutine after setup, immediately before raises; retain only asyncio.run(coroutine) inside. Preserve intentionally hostile argument values and existing match checks.",not_open
7e89eed9-d033-40f9-a2b2-fc2ac8192fd8,python:S5778,tests/archive/test_normalized_parquet.py,154,fixed,"tests/archive/test_normalized_parquet.py:154 intends to reject async archive.read, but constructs argument fixtures inside the exception region: replace, _limits. Hoisting setup makes the asserted failure originate from the archive/source/analysis operation.","Prepare all valid records, references, limits, providers and service instances outside pytest.raises. Create the operation coroutine after setup, immediately before raises; retain only asyncio.run(coroutine) inside. Preserve intentionally hostile argument values and existing match checks.",not_open
057d2370-eb3d-4259-b28d-022f2c5f1a34,python:S5778,tests/archive/test_normalized_parquet.py,163,fixed,"tests/archive/test_normalized_parquet.py:163 intends to reject async archive.seal, but constructs argument fixtures inside the exception region: _limits, _accepted. Hoisting setup makes the asserted failure originate from the archive/source/analysis operation.","Prepare all valid records, references, limits, providers and service instances outside pytest.raises. Create the operation coroutine after setup, immediately before raises; retain only asyncio.run(coroutine) inside. Preserve intentionally hostile argument values and existing match checks.",not_open
6aa17a6c-07bd-4c74-878f-34824ec718e6,python:S5778,tests/archive/test_raw_framed.py,74,intentional,"tests/archive/test_raw_framed.py:74 intentionally runs async archive.seal through asyncio.run. Calling the async function constructs a coroutine; target errors are raised during asyncio.run execution, not that coroutine creation.",Optional clarity: create the coroutine immediately before pytest.raises and pass it to asyncio.run inside the block. Preserve exactly one run/await and the existing exception matcher.,open
2221b3f1-63c3-4f38-befa-f7827313342c,python:S5778,tests/archive/test_raw_framed.py,76,fixed,"tests/archive/test_raw_framed.py:76 intends to reject async archive.read, but constructs argument fixtures inside the exception region: RawRecordRef. Hoisting setup makes the asserted failure originate from the archive/source/analysis operation.","Prepare all valid records, references, limits, providers and service instances outside pytest.raises. Create the operation coroutine after setup, immediately before raises; retain only asyncio.run(coroutine) inside. Preserve intentionally hostile argument values and existing match checks.",not_open
c987136b-98e8-43f1-8220-ddf749a28d01,python:S5778,tests/archive/test_raw_framed.py,81,intentional,"tests/archive/test_raw_framed.py:81 intentionally runs async archive.seal through asyncio.run. Calling the async function constructs a coroutine; target errors are raised during asyncio.run execution, not that coroutine creation.",Optional clarity: create the coroutine immediately before pytest.raises and pass it to asyncio.run inside the block. Preserve exactly one run/await and the existing exception matcher.,open
3f924d94-f4ce-49e8-a694-dde9b58e219d,python:S5778,tests/archive/test_raw_framed.py,87,intentional,"tests/archive/test_raw_framed.py:87 intentionally runs async archive.read through asyncio.run. Calling the async function constructs a coroutine; target errors are raised during asyncio.run execution, not that coroutine creation.",Optional clarity: create the coroutine immediately before pytest.raises and pass it to asyncio.run inside the block. Preserve exactly one run/await and the existing exception matcher.,open
c583300b-4cb9-447d-a303-e402e7113d84,python:S5778,tests/archive/test_raw_framed.py,103,fixed,"tests/archive/test_raw_framed.py:103 intends to reject async archive.read, but constructs argument fixtures inside the exception region: RawRecordRef. Hoisting setup makes the asserted failure originate from the archive/source/analysis operation.","Prepare all valid records, references, limits, providers and service instances outside pytest.raises. Create the operation coroutine after setup, immediately before raises; retain only asyncio.run(coroutine) inside. Preserve intentionally hostile argument values and existing match checks.",not_open
7f801959-cbff-419a-85d5-3bece9d25a96,python:S5778,tests/archive/test_raw_framed.py,108,fixed,"tests/archive/test_raw_framed.py:108 targets archive._read_all while also evaluating sha256(data).hexdigest, sha256. Separate valid setup from the rejected operation to prevent setup exceptions from satisfying the expected exception.","Hoist valid helper calls and argument construction before pytest.raises; keep the target archive._read_all inside. When target is replace or a constructor, leave the invalid replacement/construction inside and hoist only its valid inputs.",not_open
d41d370e-8265-46e5-8107-be403181262c,python:S5778,tests/archive/test_raw_framed.py,127,fixed,"tests/archive/test_raw_framed.py:127 targets archive._read_all while also evaluating sha256(data).hexdigest, sha256. Separate valid setup from the rejected operation to prevent setup exceptions from satisfying the expected exception.","Hoist valid helper calls and argument construction before pytest.raises; keep the target archive._read_all inside. When target is replace or a constructor, leave the invalid replacement/construction inside and hoist only its valid inputs.",not_open
22d086cd-bf50-4955-abc8-ecc6ae1b4e83,python:S5778,tests/archive/test_raw_framed.py,142,fixed,"tests/archive/test_raw_framed.py:142 intends to reject async archive.read, but constructs argument fixtures inside the exception region: RawRecordRef. Hoisting setup makes the asserted failure originate from the archive/source/analysis operation.","Prepare all valid records, references, limits, providers and service instances outside pytest.raises. Create the operation coroutine after setup, immediately before raises; retain only asyncio.run(coroutine) inside. Preserve intentionally hostile argument values and existing match checks.",not_open
8735558e-aa95-40e4-b451-76e3be3946ed,python:S5778,tests/archive/test_raw_parquet.py,111,fixed,"tests/archive/test_raw_parquet.py:111 intends to reject async archive.seal, but constructs argument fixtures inside the exception region: _limits. Hoisting setup makes the asserted failure originate from the archive/source/analysis operation.","Prepare all valid records, references, limits, providers and service instances outside pytest.raises. Create the operation coroutine after setup, immediately before raises; retain only asyncio.run(coroutine) inside. Preserve intentionally hostile argument values and existing match checks.",not_open
f4901591-d89d-4735-a786-6d59edfe041c,python:S5778,tests/archive/test_raw_parquet.py,119,fixed,"tests/archive/test_raw_parquet.py:119 intends to reject async archive.seal, but constructs argument fixtures inside the exception region: _limits. Hoisting setup makes the asserted failure originate from the archive/source/analysis operation.","Prepare all valid records, references, limits, providers and service instances outside pytest.raises. Create the operation coroutine after setup, immediately before raises; retain only asyncio.run(coroutine) inside. Preserve intentionally hostile argument values and existing match checks.",not_open
038162d8-78d3-485b-a5c1-74b7f181f7ba,python:S5778,tests/archive/test_raw_parquet.py,141,fixed,"tests/archive/test_raw_parquet.py:141 intends to reject async archive.read, but constructs argument fixtures inside the exception region: RawRecordRef, _limits. Hoisting setup makes the asserted failure originate from the archive/source/analysis operation.","Prepare all valid records, references, limits, providers and service instances outside pytest.raises. Create the operation coroutine after setup, immediately before raises; retain only asyncio.run(coroutine) inside. Preserve intentionally hostile argument values and existing match checks.",not_open
ff0ae3a2-0a0c-4b55-b94b-893cb30988ef,python:S5778,tests/archive/test_raw_parquet.py,155,fixed,"tests/archive/test_raw_parquet.py:155 intends to reject async archive.read, but constructs argument fixtures inside the exception region: RawRecordRef, _limits. Hoisting setup makes the asserted failure originate from the archive/source/analysis operation.","Prepare all valid records, references, limits, providers and service instances outside pytest.raises. Create the operation coroutine after setup, immediately before raises; retain only asyncio.run(coroutine) inside. Preserve intentionally hostile argument values and existing match checks.",not_open
cd7328d7-f005-4b88-8efd-869c92792c23,python:S5778,tests/archive/test_raw_parquet.py,159,fixed,"tests/archive/test_raw_parquet.py:159 intends to reject async archive.read, but constructs argument fixtures inside the exception region: RawRecordRef, _limits, replace. Hoisting setup makes the asserted failure originate from the archive/source/analysis operation.","Prepare all valid records, references, limits, providers and service instances outside pytest.raises. Create the operation coroutine after setup, immediately before raises; retain only asyncio.run(coroutine) inside. Preserve intentionally hostile argument values and existing match checks.",not_open
da251204-0477-4708-aa51-ec8fb2e5ddbd,python:S5778,tests/archive/test_raw_parquet.py,187,fixed,"tests/archive/test_raw_parquet.py:187 intends to reject async archive.read, but constructs argument fixtures inside the exception region: RawRecordRef, _limits. Hoisting setup makes the asserted failure originate from the archive/source/analysis operation.","Prepare all valid records, references, limits, providers and service instances outside pytest.raises. Create the operation coroutine after setup, immediately before raises; retain only asyncio.run(coroutine) inside. Preserve intentionally hostile argument values and existing match checks.",not_open
5e3bc1ce-415b-4893-9166-3c30efebf860,python:S5778,tests/archive/test_raw_parquet.py,201,fixed,"tests/archive/test_raw_parquet.py:201 intends to reject async archive.seal, but constructs argument fixtures inside the exception region: _limits. Hoisting setup makes the asserted failure originate from the archive/source/analysis operation.","Prepare all valid records, references, limits, providers and service instances outside pytest.raises. Create the operation coroutine after setup, immediately before raises; retain only asyncio.run(coroutine) inside. Preserve intentionally hostile argument values and existing match checks.",not_open
ffcf7956-3d8a-4efe-90d2-266a853334f5,python:S5778,tests/archive/test_raw_parquet.py,203,fixed,"tests/archive/test_raw_parquet.py:203 intends to reject async archive.seal, but constructs argument fixtures inside the exception region: _limits. Hoisting setup makes the asserted failure originate from the archive/source/analysis operation.","Prepare all valid records, references, limits, providers and service instances outside pytest.raises. Create the operation coroutine after setup, immediately before raises; retain only asyncio.run(coroutine) inside. Preserve intentionally hostile argument values and existing match checks.",not_open
d158479f-4ee7-49d6-86e4-14eee64d32f0,python:S9073,tests/archive/test_storage_recovery.py,33,fixed,tests/archive/test_storage_recovery.py:33 combines independently useful checks: target.parent.is_dir(); not target.exists(). All checks are currently active; splitting improves assertion diagnostics and retains short-circuit safety when None guards come first.,"Replace the conjunction with consecutive assertions in the same order; preserve initial is-not-None guards before accessing attributes. For repeated monitor.health reads, snapshot health only after the operation under test.",not_open
a263b7d1-424f-41f1-84df-6922162e25cb,python:S9073,tests/clock/test_chrony.py,71,fixed,tests/clock/test_chrony.py:71 combines independently useful checks: value is not None; value.offset_ns == -2000. All checks are currently active; splitting improves assertion diagnostics and retains short-circuit safety when None guards come first.,"Replace the conjunction with consecutive assertions in the same order; preserve initial is-not-None guards before accessing attributes. For repeated monitor.health reads, snapshot health only after the operation under test.",not_open
d4af7b2f-3d51-43a9-8b1f-e976337e1b05,python:S5778,tests/clock/test_dataset_time.py,89,fixed,"tests/clock/test_dataset_time.py:89 targets builder.build while also evaluating BuildDatasetRequest, receipt. Separate valid setup from the rejected operation to prevent setup exceptions from satisfying the expected exception.","Hoist valid helper calls and argument construction before pytest.raises; keep the target builder.build inside. When target is replace or a constructor, leave the invalid replacement/construction inside and hoist only its valid inputs.",not_open
66c1102d-1648-48ab-bc5f-5ca5bc73b07b,python:S9073,tests/clock/test_monitor.py,36,fixed,tests/clock/test_monitor.py:36 combines independently useful checks: monitor.health is not None; monitor.health.reason == 'clock_step'. All checks are currently active; splitting improves assertion diagnostics and retains short-circuit safety when None guards come first.,"Replace the conjunction with consecutive assertions in the same order; preserve initial is-not-None guards before accessing attributes. For repeated monitor.health reads, snapshot health only after the operation under test.",not_open
7b34f927-235a-4ce6-b6ef-7de57e083367,python:S9073,tests/clock/test_monitor.py,39,fixed,tests/clock/test_monitor.py:39 combines independently useful checks: monitor.health is not None; monitor.health.reason == 'awaiting_refresh'. All checks are currently active; splitting improves assertion diagnostics and retains short-circuit safety when None guards come first.,"Replace the conjunction with consecutive assertions in the same order; preserve initial is-not-None guards before accessing attributes. For repeated monitor.health reads, snapshot health only after the operation under test.",not_open
5da5e2ad-268f-46ea-b92e-a4338aa8ac59,python:S9073,tests/clock/test_monitor.py,66,fixed,tests/clock/test_monitor.py:66 combines independently useful checks: monitor.health is not None; monitor.health.reason == reason. All checks are currently active; splitting improves assertion diagnostics and retains short-circuit safety when None guards come first.,"Replace the conjunction with consecutive assertions in the same order; preserve initial is-not-None guards before accessing attributes. For repeated monitor.health reads, snapshot health only after the operation under test.",not_open
823a56ca-5c5a-491b-874f-2aaa09eef0e6,python:S9073,tests/clock/test_monitor.py,81,fixed,tests/clock/test_monitor.py:81 combines independently useful checks: monitor.health is not None; monitor.health.reason == 'stale_evidence'. All checks are currently active; splitting improves assertion diagnostics and retains short-circuit safety when None guards come first.,"Replace the conjunction with consecutive assertions in the same order; preserve initial is-not-None guards before accessing attributes. For repeated monitor.health reads, snapshot health only after the operation under test.",not_open
1004a335-d39c-48a1-827e-6430abe92399,python:S9073,tests/clock/test_monitor.py,91,fixed,tests/clock/test_monitor.py:91 combines independently useful checks: monitor.health is not None; monitor.health.reason == 'reference_regression'. All checks are currently active; splitting improves assertion diagnostics and retains short-circuit safety when None guards come first.,"Replace the conjunction with consecutive assertions in the same order; preserve initial is-not-None guards before accessing attributes. For repeated monitor.health reads, snapshot health only after the operation under test.",not_open
640a99f5-dabf-4a34-abf3-17f3fa011299,python:S9073,tests/clock/test_monitor.py,106,fixed,tests/clock/test_monitor.py:106 combines independently useful checks: monitor.health is not None; monitor.health.reason == 'suspend'. All checks are currently active; splitting improves assertion diagnostics and retains short-circuit safety when None guards come first.,"Replace the conjunction with consecutive assertions in the same order; preserve initial is-not-None guards before accessing attributes. For repeated monitor.health reads, snapshot health only after the operation under test.",not_open
18c4b9d0-3afe-4107-a877-0f902651fe15,python:S9073,tests/clock/test_monitor.py,129,fixed,tests/clock/test_monitor.py:129 combines independently useful checks: monitor.health is not None; monitor.health.reason == 'sampling_gap'. All checks are currently active; splitting improves assertion diagnostics and retains short-circuit safety when None guards come first.,"Replace the conjunction with consecutive assertions in the same order; preserve initial is-not-None guards before accessing attributes. For repeated monitor.health reads, snapshot health only after the operation under test.",not_open
3f85ad77-6cd7-4e89-80a3-0caa087e89e6,python:S9073,tests/clock/test_monitor.py,152,fixed,tests/clock/test_monitor.py:152 combines independently useful checks: monitor.health is not None; monitor.health.reason == 'monotonic_regression'. All checks are currently active; splitting improves assertion diagnostics and retains short-circuit safety when None guards come first.,"Replace the conjunction with consecutive assertions in the same order; preserve initial is-not-None guards before accessing attributes. For repeated monitor.health reads, snapshot health only after the operation under test.",not_open
03eba65b-dafb-4441-84fc-3c3523c0f4f5,python:S9073,tests/clock/test_monitor.py,182,fixed,tests/clock/test_monitor.py:182 combines independently useful checks: monitor.health is not None; monitor.health.reason == 'unrepresentable_evidence'. All checks are currently active; splitting improves assertion diagnostics and retains short-circuit safety when None guards come first.,"Replace the conjunction with consecutive assertions in the same order; preserve initial is-not-None guards before accessing attributes. For repeated monitor.health reads, snapshot health only after the operation under test.",not_open
726e7c4f-135d-4f33-9674-fdc4de6a28e7,python:S9073,tests/clock/test_monitor.py,198,fixed,tests/clock/test_monitor.py:198 combines independently useful checks: querying.health is not None; querying.health.reason == 'clock_step'. All checks are currently active; splitting improves assertion diagnostics and retains short-circuit safety when None guards come first.,"Replace the conjunction with consecutive assertions in the same order; preserve initial is-not-None guards before accessing attributes. For repeated monitor.health reads, snapshot health only after the operation under test.",not_open
635fcaf7-6c17-40d5-81af-09ee4f9725aa,python:S9073,tests/clock/test_monitor.py,210,fixed,tests/clock/test_monitor.py:210 combines independently useful checks: 'healthy' in caplog.text; 'unknown' in caplog.text. All checks are currently active; splitting improves assertion diagnostics and retains short-circuit safety when None guards come first.,"Replace the conjunction with consecutive assertions in the same order; preserve initial is-not-None guards before accessing attributes. For repeated monitor.health reads, snapshot health only after the operation under test.",not_open
666d22c6-57dd-465d-89fd-1d8b487d5927,python:S5778,tests/configuration/test_boundary.py,170,fixed,tests/configuration/test_boundary.py:170 targets credentials(installation).open while also evaluating credentials. Separate valid setup from the rejected operation to prevent setup exceptions from satisfying the expected exception.,"Hoist valid helper calls and argument construction before pytest.raises; keep the target credentials(installation).open inside. When target is replace or a constructor, leave the invalid replacement/construction inside and hoist only its valid inputs.",not_open
38390741-38ba-4c1f-b926-cfe40a2ccfbc,python:S5778,tests/configuration/test_boundary.py,212,fixed,"tests/configuration/test_boundary.py:212 targets validate_directories while also evaluating dataclasses.replace, os.geteuid. Separate valid setup from the rejected operation to prevent setup exceptions from satisfying the expected exception.","Hoist valid helper calls and argument construction before pytest.raises; keep the target validate_directories inside. When target is replace or a constructor, leave the invalid replacement/construction inside and hoist only its valid inputs.",not_open
9e6079fc-18bf-4382-bdca-17ace2dcb673,python:S5778,tests/configuration/test_boundary.py,343,fixed,tests/configuration/test_boundary.py:343 targets credentials(installation).open while also evaluating credentials. Separate valid setup from the rejected operation to prevent setup exceptions from satisfying the expected exception.,"Hoist valid helper calls and argument construction before pytest.raises; keep the target credentials(installation).open inside. When target is replace or a constructor, leave the invalid replacement/construction inside and hoist only its valid inputs.",not_open
25f510b0-9b22-4059-8162-83e60d426aff,python:S5778,tests/configuration/test_boundary.py,368,fixed,tests/configuration/test_boundary.py:368 targets credentials(installation).open while also evaluating credentials. Separate valid setup from the rejected operation to prevent setup exceptions from satisfying the expected exception.,"Hoist valid helper calls and argument construction before pytest.raises; keep the target credentials(installation).open inside. When target is replace or a constructor, leave the invalid replacement/construction inside and hoist only its valid inputs.",not_open
c52b996b-372a-4665-b96d-1ad65d4d583a,python:S5778,tests/configuration/test_boundary.py,370,fixed,tests/configuration/test_boundary.py:370 targets credentials(installation).open while also evaluating credentials. Separate valid setup from the rejected operation to prevent setup exceptions from satisfying the expected exception.,"Hoist valid helper calls and argument construction before pytest.raises; keep the target credentials(installation).open inside. When target is replace or a constructor, leave the invalid replacement/construction inside and hoist only its valid inputs.",not_open
45ae8996-71ba-4f11-b108-1887e2c3931f,python:S5778,tests/configuration/test_boundary.py,388,fixed,tests/configuration/test_boundary.py:388 targets credentials(installation).open while also evaluating credentials. Separate valid setup from the rejected operation to prevent setup exceptions from satisfying the expected exception.,"Hoist valid helper calls and argument construction before pytest.raises; keep the target credentials(installation).open inside. When target is replace or a constructor, leave the invalid replacement/construction inside and hoist only its valid inputs.",not_open
21b9ef8c-8b5c-4091-8d37-6744ed7835f5,python:S5778,tests/configuration/test_boundary.py,465,fixed,tests/configuration/test_boundary.py:465 targets credentials(installation).open while also evaluating credentials. Separate valid setup from the rejected operation to prevent setup exceptions from satisfying the expected exception.,"Hoist valid helper calls and argument construction before pytest.raises; keep the target credentials(installation).open inside. When target is replace or a constructor, leave the invalid replacement/construction inside and hoist only its valid inputs.",not_open
992cd07c-67da-4797-96f3-5804d503b3c7,python:S5778,tests/configuration/test_boundary.py,470,fixed,"tests/configuration/test_boundary.py:470 targets validate_directories while also evaluating dataclasses.replace, Path. Separate valid setup from the rejected operation to prevent setup exceptions from satisfying the expected exception.","Hoist valid helper calls and argument construction before pytest.raises; keep the target validate_directories inside. When target is replace or a constructor, leave the invalid replacement/construction inside and hoist only its valid inputs.",not_open
3b360b24-9533-4de9-8c68-64ddb26e15cb,python:S5778,tests/configuration/test_boundary.py,472,fixed,tests/configuration/test_boundary.py:472 targets validate_directories while also evaluating dataclasses.replace. Separate valid setup from the rejected operation to prevent setup exceptions from satisfying the expected exception.,"Hoist valid helper calls and argument construction before pytest.raises; keep the target validate_directories inside. When target is replace or a constructor, leave the invalid replacement/construction inside and hoist only its valid inputs.",not_open
ca24944c-6101-40b1-a6e7-c8da8a8586ef,python:S5778,tests/contracts/test_domain.py,79,fixed,"tests/contracts/test_domain.py:79 targets replace while also evaluating candle, cast. Separate valid setup from the rejected operation to prevent setup exceptions from satisfying the expected exception.","Hoist valid helper calls and argument construction before pytest.raises; keep the target replace inside. When target is replace or a constructor, leave the invalid replacement/construction inside and hoist only its valid inputs.",not_open
2c7ec13e-728a-4ef5-b48a-c087f851d515,python:S5778,tests/contracts/test_domain.py,84,fixed,"tests/contracts/test_domain.py:84 targets replace while also evaluating candle, Decimal. Separate valid setup from the rejected operation to prevent setup exceptions from satisfying the expected exception.","Hoist valid helper calls and argument construction before pytest.raises; keep the target replace inside. When target is replace or a constructor, leave the invalid replacement/construction inside and hoist only its valid inputs.",not_open
3ddf2120-d8d4-4955-a5d1-624308d2463c,python:S5778,tests/contracts/test_domain.py,86,fixed,tests/contracts/test_domain.py:86 targets replace while also evaluating candle. Separate valid setup from the rejected operation to prevent setup exceptions from satisfying the expected exception.,"Hoist valid helper calls and argument construction before pytest.raises; keep the target replace inside. When target is replace or a constructor, leave the invalid replacement/construction inside and hoist only its valid inputs.",not_open
02b88f41-7c77-495c-8a4c-edea0dae4344,python:S5778,tests/contracts/test_domain.py,114,fixed,"tests/contracts/test_domain.py:114 targets replace while also evaluating candle, SchemaRef, Version. Separate valid setup from the rejected operation to prevent setup exceptions from satisfying the expected exception.","Hoist valid helper calls and argument construction before pytest.raises; keep the target replace inside. When target is replace or a constructor, leave the invalid replacement/construction inside and hoist only its valid inputs.",not_open
d13c2d26-4d00-45a3-83b2-b09de6ed7d57,python:S5778,tests/contracts/test_domain.py,136,fixed,"tests/contracts/test_domain.py:136 targets replace while also evaluating cast, bytearray. Separate valid setup from the rejected operation to prevent setup exceptions from satisfying the expected exception.","Hoist valid helper calls and argument construction before pytest.raises; keep the target replace inside. When target is replace or a constructor, leave the invalid replacement/construction inside and hoist only its valid inputs.",not_open
74d8d1ed-ee24-40d6-a83a-85609fb3e934,python:S5778,tests/contracts/test_ports.py,115,fixed,tests/contracts/test_ports.py:115 targets replace while also evaluating cast. Separate valid setup from the rejected operation to prevent setup exceptions from satisfying the expected exception.,"Hoist valid helper calls and argument construction before pytest.raises; keep the target replace inside. When target is replace or a constructor, leave the invalid replacement/construction inside and hoist only its valid inputs.",not_open
bceeb807-6f2c-4f97-a486-4b54901d0d36,python:S5778,tests/contracts/test_ports.py,137,fixed,"tests/contracts/test_ports.py:137 targets bad.validate_for while also evaluating request, descriptor. Separate valid setup from the rejected operation to prevent setup exceptions from satisfying the expected exception.","Hoist valid helper calls and argument construction before pytest.raises; keep the target bad.validate_for inside. When target is replace or a constructor, leave the invalid replacement/construction inside and hoist only its valid inputs.",not_open
266bda88-cd66-4476-8bb1-1f618cfd316a,python:S5778,tests/contracts/test_ports.py,146,fixed,tests/contracts/test_ports.py:146 targets replace while also evaluating request. Separate valid setup from the rejected operation to prevent setup exceptions from satisfying the expected exception.,"Hoist valid helper calls and argument construction before pytest.raises; keep the target replace inside. When target is replace or a constructor, leave the invalid replacement/construction inside and hoist only its valid inputs.",not_open
5e60b9b1-315f-4a07-807f-c85ca4fd87c1,python:S5778,tests/contracts/test_ports.py,152,fixed,tests/contracts/test_ports.py:152 targets segment.require_within while also evaluating ArchiveLimits. Separate valid setup from the rejected operation to prevent setup exceptions from satisfying the expected exception.,"Hoist valid helper calls and argument construction before pytest.raises; keep the target segment.require_within inside. When target is replace or a constructor, leave the invalid replacement/construction inside and hoist only its valid inputs.",not_open
5cb04bf9-48e8-4712-ad20-2a1379b5d1c3,python:S5778,tests/contracts/test_ports.py,178,fixed,tests/contracts/test_ports.py:178 targets descriptor().require while also evaluating descriptor. Separate valid setup from the rejected operation to prevent setup exceptions from satisfying the expected exception.,"Hoist valid helper calls and argument construction before pytest.raises; keep the target descriptor().require inside. When target is replace or a constructor, leave the invalid replacement/construction inside and hoist only its valid inputs.",not_open
33976c6d-4031-4b27-9259-37056b2be4e7,python:S5778,tests/contracts/test_ports.py,196,fixed,tests/contracts/test_ports.py:196 targets RawPage while also evaluating envelope. Separate valid setup from the rejected operation to prevent setup exceptions from satisfying the expected exception.,"Build both valid envelope fixtures before raises; keep RawPage((first, second), None, record_limit=1) inside because record-limit validation by RawPage is the tested operation.",not_open
2fd68f3e-7dbb-4a84-8ac1-dd626320e898,python:S9073,tests/dataset/test_selection.py,34,fixed,tests/dataset/test_selection.py:34 combines independently useful checks: outcome is not None; outcome.semantic_revision is not None. All checks are currently active; splitting improves assertion diagnostics and retains short-circuit safety when None guards come first.,"Replace the conjunction with consecutive assertions in the same order; preserve initial is-not-None guards before accessing attributes. For repeated monitor.health reads, snapshot health only after the operation under test.",not_open
9024a4e7-b64e-4ea8-8cf0-2b1927dbb919,python:S5778,tests/dataset/test_selection.py,107,fixed,tests/dataset/test_selection.py:107 targets selection.strict_eligible while also evaluating ClockLimits. Separate valid setup from the rejected operation to prevent setup exceptions from satisfying the expected exception.,"Hoist valid helper calls and argument construction before pytest.raises; keep the target selection.strict_eligible inside. When target is replace or a constructor, leave the invalid replacement/construction inside and hoist only its valid inputs.",not_open
f125d171-34e5-4837-87e3-7ce5895c093b,python:S5778,tests/dataset/test_selection.py,112,fixed,tests/dataset/test_selection.py:112 targets select_candles while also evaluating _source. Separate valid setup from the rejected operation to prevent setup exceptions from satisfying the expected exception.,"Hoist valid helper calls and argument construction before pytest.raises; keep the target select_candles inside. When target is replace or a constructor, leave the invalid replacement/construction inside and hoist only its valid inputs.",not_open
bc45006d-3f61-49f6-aa2a-3d9cfbf78baf,python:S5778,tests/dataset/test_snapshot.py,147,fixed,tests/dataset/test_snapshot.py:147 targets builder.build while also evaluating BuildDatasetRequest. Separate valid setup from the rejected operation to prevent setup exceptions from satisfying the expected exception.,"Hoist valid helper calls and argument construction before pytest.raises; keep the target builder.build inside. When target is replace or a constructor, leave the invalid replacement/construction inside and hoist only its valid inputs.",not_open
7a3180bd-e408-4cad-8336-32d0c82f61cf,python:S5778,tests/dataset/test_snapshot.py,178,fixed,tests/dataset/test_snapshot.py:178 targets builder.build while also evaluating BuildDatasetRequest. Separate valid setup from the rejected operation to prevent setup exceptions from satisfying the expected exception.,"Hoist valid helper calls and argument construction before pytest.raises; keep the target builder.build inside. When target is replace or a constructor, leave the invalid replacement/construction inside and hoist only its valid inputs.",not_open
426df2d9-4332-41ef-a002-91d1f73b618f,python:S5778,tests/dataset/test_snapshot.py,236,fixed,tests/dataset/test_snapshot.py:236 targets builder.build while also evaluating BuildDatasetRequest. Separate valid setup from the rejected operation to prevent setup exceptions from satisfying the expected exception.,"Hoist valid helper calls and argument construction before pytest.raises; keep the target builder.build inside. When target is replace or a constructor, leave the invalid replacement/construction inside and hoist only its valid inputs.",not_open
53dfa137-2029-4c33-9f0d-b3b85be04c7c,python:S5778,tests/dataset/test_snapshot.py,250,fixed,"tests/dataset/test_snapshot.py:250 targets builder.build while also evaluating BuildDatasetRequest, SchemaRef, Version. Separate valid setup from the rejected operation to prevent setup exceptions from satisfying the expected exception.","Hoist valid helper calls and argument construction before pytest.raises; keep the target builder.build inside. When target is replace or a constructor, leave the invalid replacement/construction inside and hoist only its valid inputs.",not_open
ac1e02f7-95b9-44b1-b849-88b5ffae8e0f,python:S5778,tests/forecast/test_analysis.py,146,fixed,"tests/forecast/test_analysis.py:146 intends to reject async ForecastAnalysis(StubProvider(defect), store).run, but constructs argument fixtures inside the exception region: ForecastAnalysis, StubProvider. Hoisting setup makes the asserted failure originate from the archive/source/analysis operation.","Prepare all valid records, references, limits, providers and service instances outside pytest.raises. Create the operation coroutine after setup, immediately before raises; retain only asyncio.run(coroutine) inside. Preserve intentionally hostile argument values and existing match checks.",not_open
543c3391-33d2-473f-9260-b447031e4865,python:S5778,tests/forecast/test_analysis.py,170,fixed,"tests/forecast/test_analysis.py:170 intends to reject async ForecastAnalysis(StubProvider(), store).run, but constructs argument fixtures inside the exception region: ForecastAnalysis, StubProvider. Hoisting setup makes the asserted failure originate from the archive/source/analysis operation.","Prepare all valid records, references, limits, providers and service instances outside pytest.raises. Create the operation coroutine after setup, immediately before raises; retain only asyncio.run(coroutine) inside. Preserve intentionally hostile argument values and existing match checks.",not_open
f39ecaed-4a2d-4638-a753-e30f1d82842f,python:S5778,tests/imports/test_launcher.py,21,fixed,tests/imports/test_launcher.py:21 targets bounded_process while also evaluating ImportLimits. Separate valid setup from the rejected operation to prevent setup exceptions from satisfying the expected exception.,"Hoist valid helper calls and argument construction before pytest.raises; keep the target bounded_process inside. When target is replace or a constructor, leave the invalid replacement/construction inside and hoist only its valid inputs.",not_open
224ad68b-c089-4e18-9dbf-da2e48603905,python:S5778,tests/imports/test_launcher.py,37,fixed,tests/imports/test_launcher.py:37 targets bounded_process while also evaluating ImportLimits. Separate valid setup from the rejected operation to prevent setup exceptions from satisfying the expected exception.,"Hoist valid helper calls and argument construction before pytest.raises; keep the target bounded_process inside. When target is replace or a constructor, leave the invalid replacement/construction inside and hoist only its valid inputs.",not_open
b4447c49-88f1-4373-bba0-9690be0145d8,python:S5778,tests/imports/test_launcher.py,47,fixed,tests/imports/test_launcher.py:47 targets bounded_process while also evaluating ImportLimits. Separate valid setup from the rejected operation to prevent setup exceptions from satisfying the expected exception.,"Hoist valid helper calls and argument construction before pytest.raises; keep the target bounded_process inside. When target is replace or a constructor, leave the invalid replacement/construction inside and hoist only its valid inputs.",not_open
e3fc3bd8-2917-4f1b-a28b-3873428f037a,python:S5778,tests/imports/test_protocol.py,37,fixed,"tests/imports/test_protocol.py:37 targets validate_result while also evaluating json.dumps(bad_mapping).encode, json.dumps. Separate valid setup from the rejected operation to prevent setup exceptions from satisfying the expected exception.","Hoist valid helper calls and argument construction before pytest.raises; keep the target validate_result inside. When target is replace or a constructor, leave the invalid replacement/construction inside and hoist only its valid inputs.",not_open
40e95941-0c82-436b-9f51-1306829b3d03,python:S5778,tests/imports/test_protocol.py,51,fixed,"tests/imports/test_protocol.py:51 targets parse_request while also evaluating prepare_manifest, ImportLimits. Separate valid setup from the rejected operation to prevent setup exceptions from satisfying the expected exception.","Prepare the manifest bytes and valid ImportLimits before raises; keep parse_request(manifest_bytes, import_limits) inside. Manifest serialization must succeed for this test to prove request validation rejects the unsupported raw archive codec.",not_open
834baff0-77cf-474a-b547-df88c0af34ed,python:S5778,tests/ingestion/test_recovery_metadata.py,59,fixed,"tests/ingestion/test_recovery_metadata.py:59 targets spool.accept while also evaluating envelope, InstrumentId. Separate valid setup from the rejected operation to prevent setup exceptions from satisfying the expected exception.","Hoist valid helper calls and argument construction before pytest.raises; keep the target spool.accept inside. When target is replace or a constructor, leave the invalid replacement/construction inside and hoist only its valid inputs.",not_open
a4fcd4a8-5917-4c3c-9932-7e5805c3f0c6,python:S5778,tests/ingestion/test_sqlite_spool.py,300,fixed,"tests/ingestion/test_sqlite_spool.py:300 targets ingestor.accept while also evaluating envelope, InstrumentId. Separate valid setup from the rejected operation to prevent setup exceptions from satisfying the expected exception.","Hoist valid helper calls and argument construction before pytest.raises; keep the target ingestor.accept inside. When target is replace or a constructor, leave the invalid replacement/construction inside and hoist only its valid inputs.",not_open
623c3a1b-2212-4827-9422-061e4397b984,python:S5778,tests/ingestion/test_sqlite_spool.py,331,fixed,"tests/ingestion/test_sqlite_spool.py:331 targets ingestor.accept while also evaluating envelope, InstrumentId. Separate valid setup from the rejected operation to prevent setup exceptions from satisfying the expected exception.","Hoist valid helper calls and argument construction before pytest.raises; keep the target ingestor.accept inside. When target is replace or a constructor, leave the invalid replacement/construction inside and hoist only its valid inputs.",not_open
b72bd46e-bb92-4f2c-95de-fa2f9720e5df,python:S9073,tests/normalization/test_bybit_candle.py,134,fixed,tests/normalization/test_bybit_candle.py:134 combines independently useful checks: offset == 0; limit == 1. All checks are currently active; splitting improves assertion diagnostics and retains short-circuit safety when None guards come first.,"Replace the conjunction with consecutive assertions in the same order; preserve initial is-not-None guards before accessing attributes. For repeated monitor.health reads, snapshot health only after the operation under test.",not_open
c094ba2f-d82b-4487-8e1c-b4f7150bc609,python:S5778,tests/normalization/test_candle.py,582,fixed,tests/normalization/test_candle.py:582 targets change while also evaluating semantic_value. Separate valid setup from the rejected operation to prevent setup exceptions from satisfying the expected exception.,"Hoist valid helper calls and argument construction before pytest.raises; keep the target change inside. When target is replace or a constructor, leave the invalid replacement/construction inside and hoist only its valid inputs.",not_open
afa95231-789f-49e1-beae-276415dda798,python:S5778,tests/normalization/test_candle.py,748,fixed,"tests/normalization/test_candle.py:748 targets normalize_parsed_candle while also evaluating raw_record, instrument. Separate valid setup from the rejected operation to prevent setup exceptions from satisfying the expected exception.","Hoist valid helper calls and argument construction before pytest.raises; keep the target normalize_parsed_candle inside. When target is replace or a constructor, leave the invalid replacement/construction inside and hoist only its valid inputs.",not_open
30f6038b-db9a-4996-bd5a-a42ff701e126,python:S5778,tests/normalization/test_candle.py,752,fixed,"tests/normalization/test_candle.py:752 targets normalize_parsed_candle while also evaluating raw_record, instrument, InstrumentId. Separate valid setup from the rejected operation to prevent setup exceptions from satisfying the expected exception.","Hoist valid helper calls and argument construction before pytest.raises; keep the target normalize_parsed_candle inside. When target is replace or a constructor, leave the invalid replacement/construction inside and hoist only its valid inputs.",not_open
63a2a317-5448-4edd-ae39-d2b1a52a0ad2,python:S5778,tests/normalization/test_candle.py,764,fixed,"tests/normalization/test_candle.py:764 targets normalize_parsed_candle while also evaluating raw_record, instrument. Separate valid setup from the rejected operation to prevent setup exceptions from satisfying the expected exception.","Hoist valid helper calls and argument construction before pytest.raises; keep the target normalize_parsed_candle inside. When target is replace or a constructor, leave the invalid replacement/construction inside and hoist only its valid inputs.",not_open
4cb30260-7612-4b61-a85e-6d12d1bc3c0b,python:S5778,tests/normalization/test_candle.py,795,fixed,"tests/normalization/test_candle.py:795 targets replace while also evaluating . Separate valid setup from the rejected operation to prevent setup exceptions from satisfying the expected exception. Verified Candle.__post_init__ only validates identifier/range/type/schema here; the changed revision/volume_unit remains a valid Candle, so rejection currently reaches CandleNormalization.__post_init__. It is not a demonstrated weak test.","Construct tampered_candle = replace(result.candle, ...) before raises, then assert only replace(result, candle=tampered_candle) raises the semantic error.",not_open
a22e8328-1be7-47e8-8d0e-1b70ee49da23,python:S5778,tests/normalization/test_candle.py,797,fixed,"tests/normalization/test_candle.py:797 targets replace while also evaluating . Separate valid setup from the rejected operation to prevent setup exceptions from satisfying the expected exception. Verified Candle.__post_init__ only validates identifier/range/type/schema here; the changed revision/volume_unit remains a valid Candle, so rejection currently reaches CandleNormalization.__post_init__. It is not a demonstrated weak test.","Construct tampered_candle = replace(result.candle, ...) before raises, then assert only replace(result, candle=tampered_candle) raises the semantic error.",not_open
99cb8d5c-222d-4db7-a8e2-127d46b094fd,python:S5778,tests/normalization/test_candle.py,808,fixed,tests/normalization/test_candle.py:808 targets replace while also evaluating instrument. Separate valid setup from the rejected operation to prevent setup exceptions from satisfying the expected exception.,"Hoist valid helper calls and argument construction before pytest.raises; keep the target replace inside. When target is replace or a constructor, leave the invalid replacement/construction inside and hoist only its valid inputs.",not_open
1f03246a-11b7-4ea9-910a-ad8f0f6696bb,python:S5778,tests/normalization/test_recovery.py,159,intentional,"tests/normalization/test_recovery.py:159 intentionally tests NormalizationStore startup over corrupt durable state; the nested context guarantees cleanup if unexpectedly accepted, while pytest.fail raises pytest failure, not NormalizationError. Its two startup attempts and database readback are material coverage.",Retain constructor/startup inside raises and the explicit fail/cleanup guard; never construct the invalid NormalizationStore before raises.,open
f69d9260-e45e-4e7e-934d-ac28792b1775,python:S9073,tests/normalization/test_recovery.py,362,fixed,tests/normalization/test_recovery.py:362 combines independently useful checks: first is not None; duplicate is not None. All checks are currently active; splitting improves assertion diagnostics and retains short-circuit safety when None guards come first.,"Replace the conjunction with consecutive assertions in the same order; preserve initial is-not-None guards before accessing attributes. For repeated monitor.health reads, snapshot health only after the operation under test.",not_open
d7f2eacb-e050-4596-a86c-6863e32fa839,python:S9073,tests/normalization/test_recovery.py,493,fixed,"tests/normalization/test_recovery.py:493 combines independently useful checks: isinstance(first, CandleNormalization); isinstance(later, CandleNormalization). All checks are currently active; splitting improves assertion diagnostics and retains short-circuit safety when None guards come first.","Replace the conjunction with consecutive assertions in the same order; preserve initial is-not-None guards before accessing attributes. For repeated monitor.health reads, snapshot health only after the operation under test.",not_open
dfd9530f-53d8-49ff-bf6d-060b125facbc,python:S5778,tests/normalization/test_runner.py,280,fixed,"tests/normalization/test_runner.py:280 targets process_next while also evaluating RecordingReader, raw_record. Separate valid setup from the rejected operation to prevent setup exceptions from satisfying the expected exception.","Hoist valid helper calls and argument construction before pytest.raises; keep the target process_next inside. When target is replace or a constructor, leave the invalid replacement/construction inside and hoist only its valid inputs.",not_open
81e6a2ca-e60f-4cd2-a934-e16d9ea04f17,python:S5778,tests/normalization/test_runner.py,305,fixed,"tests/normalization/test_runner.py:305 targets process_next while also evaluating RecordingReader, cast, raw_record. Separate valid setup from the rejected operation to prevent setup exceptions from satisfying the expected exception.","Hoist valid helper calls and argument construction before pytest.raises; keep the target process_next inside. When target is replace or a constructor, leave the invalid replacement/construction inside and hoist only its valid inputs.",not_open
f8159f7f-b3bc-4b82-8045-32fce1ca6848,python:S5778,tests/normalization/test_runner.py,432,fixed,tests/normalization/test_runner.py:432 targets process_next while also evaluating instrument. Separate valid setup from the rejected operation to prevent setup exceptions from satisfying the expected exception.,"Hoist valid helper calls and argument construction before pytest.raises; keep the target process_next inside. When target is replace or a constructor, leave the invalid replacement/construction inside and hoist only its valid inputs.",not_open
3e020901-9323-4b28-9565-5840c9140c1f,python:S5778,tests/normalization/test_runner.py,583,fixed,tests/normalization/test_runner.py:583 targets store.block while also evaluating raw_record. Separate valid setup from the rejected operation to prevent setup exceptions from satisfying the expected exception.,"Hoist valid helper calls and argument construction before pytest.raises; keep the target store.block inside. When target is replace or a constructor, leave the invalid replacement/construction inside and hoist only its valid inputs.",not_open
516499ae-84a3-4dad-983c-ca10f7766fcf,python:S5778,tests/normalization/test_runner.py,601,fixed,tests/normalization/test_runner.py:601 targets store.block while also evaluating raw_record. Separate valid setup from the rejected operation to prevent setup exceptions from satisfying the expected exception.,"Hoist valid helper calls and argument construction before pytest.raises; keep the target store.block inside. When target is replace or a constructor, leave the invalid replacement/construction inside and hoist only its valid inputs.",not_open
f248ca0a-4c37-4eff-9b94-84c3a0edf0a5,python:S9073,tests/normalization/test_runner.py,638,fixed,tests/normalization/test_runner.py:638 combines independently useful checks: accepted is not None; repeated is not None. All checks are currently active; splitting improves assertion diagnostics and retains short-circuit safety when None guards come first.,"Replace the conjunction with consecutive assertions in the same order; preserve initial is-not-None guards before accessing attributes. For repeated monitor.health reads, snapshot health only after the operation under test.",not_open
34b500a3-70af-4a8c-ba71-e1fb17843a08,python:S5778,tests/normalization/test_sqlite_store.py,198,fixed,tests/normalization/test_sqlite_store.py:198 targets store.process while also evaluating normalization. Separate valid setup from the rejected operation to prevent setup exceptions from satisfying the expected exception.,"Hoist valid helper calls and argument construction before pytest.raises; keep the target store.process inside. When target is replace or a constructor, leave the invalid replacement/construction inside and hoist only its valid inputs.",not_open
a7a4e71d-bcbc-4617-a439-c28404f4a03e,python:S5778,tests/normalization/test_sqlite_store.py,366,fixed,tests/normalization/test_sqlite_store.py:366 targets store.process while also evaluating normalization. Separate valid setup from the rejected operation to prevent setup exceptions from satisfying the expected exception.,"Hoist valid helper calls and argument construction before pytest.raises; keep the target store.process inside. When target is replace or a constructor, leave the invalid replacement/construction inside and hoist only its valid inputs.",not_open
eedafdb3-6b48-469f-8246-bb36e51ace41,python:S5778,tests/normalization/test_sqlite_store.py,556,fixed,tests/normalization/test_sqlite_store.py:556 targets store.process while also evaluating normalization. Separate valid setup from the rejected operation to prevent setup exceptions from satisfying the expected exception.,"Hoist valid helper calls and argument construction before pytest.raises; keep the target store.process inside. When target is replace or a constructor, leave the invalid replacement/construction inside and hoist only its valid inputs.",not_open
b2557a97-0356-432f-a3a2-42cdfe8ab131,python:S9073,tests/normalization/test_sqlite_store.py,994,fixed,tests/normalization/test_sqlite_store.py:994 combines independently useful checks: barrier.schema is not None; barrier.schema.version.major == 2. All checks are currently active; splitting improves assertion diagnostics and retains short-circuit safety when None guards come first.,"Replace the conjunction with consecutive assertions in the same order; preserve initial is-not-None guards before accessing attributes. For repeated monitor.health reads, snapshot health only after the operation under test.",not_open
bbc41981-220f-485c-9a55-f0b819c15d88,python:S5778,tests/normalization/test_sqlite_store.py,1051,fixed,tests/normalization/test_sqlite_store.py:1051 targets store.outcome while also evaluating IngestionId. Separate valid setup from the rejected operation to prevent setup exceptions from satisfying the expected exception.,"Hoist valid helper calls and argument construction before pytest.raises; keep the target store.outcome inside. When target is replace or a constructor, leave the invalid replacement/construction inside and hoist only its valid inputs.",not_open
4270da1f-271d-494c-a2a7-a536b6380c2b,python:S5778,tests/normalization/test_sqlite_store.py,1117,intentional,"tests/normalization/test_sqlite_store.py:1117 targets store.outcome while also evaluating IngestionId, store.checkpoint, store.barrier. Separate valid setup from the rejected operation to prevent setup exceptions from satisfying the expected exception. The read branches are mutually exclusive: each parameter executes one corrupt-state read; converting this to a generic dispatcher adds unnecessary test machinery. The identity constructor cannot produce the matched NormalizationError.",Keep the explicit mutually exclusive read branches and all three corruption variants.,open
76b91e39-4568-40c1-9186-f59d8f855e29,python:S9073,tests/publication/test_hardening.py,125,fixed,tests/publication/test_hardening.py:125 combines independently useful checks: prepared.manifest_bytes is not None; prepared.manifest_ref is not None. All checks are currently active; splitting improves assertion diagnostics and retains short-circuit safety when None guards come first.,"Replace the conjunction with consecutive assertions in the same order; preserve initial is-not-None guards before accessing attributes. For repeated monitor.health reads, snapshot health only after the operation under test.",not_open
e24bccf4-9159-447c-92cc-02032dc757dd,python:S9073,tests/publication/test_hardening.py,200,fixed,tests/publication/test_hardening.py:200 combines independently useful checks: store.pending() is None; store.status().checkpoint is None. All checks are currently active; splitting improves assertion diagnostics and retains short-circuit safety when None guards come first.,"Replace the conjunction with consecutive assertions in the same order; preserve initial is-not-None guards before accessing attributes. For repeated monitor.health reads, snapshot health only after the operation under test.",not_open
7bb7100d-7690-4773-b03e-3db75537212a,python:S5778,tests/publication/test_manifest.py,131,fixed,tests/publication/test_manifest.py:131 targets replace while also evaluating IngestionId. Separate valid setup from the rejected operation to prevent setup exceptions from satisfying the expected exception.,"Hoist valid helper calls and argument construction before pytest.raises; keep the target replace inside. When target is replace or a constructor, leave the invalid replacement/construction inside and hoist only its valid inputs.",not_open
5f4da897-0c39-463e-84f9-1698f19741e9,python:S5778,tests/publication/test_manifest.py,208,fixed,tests/publication/test_manifest.py:208 targets replace while also evaluating IngestionId. Separate valid setup from the rejected operation to prevent setup exceptions from satisfying the expected exception.,"Build the valid epoch-changed checkpoint or overlap identity before raises; select replacement kwargs before raises; keep replace(value, **changes) inside, as ManifestBody consistency rejection is the target.",not_open
4e71d023-41d3-459b-b3c1-a323c3a8a98b,python:S9073,tests/publication/test_reader.py,85,fixed,"tests/publication/test_reader.py:85 combines independently useful checks: isinstance(first, Published); isinstance(second, Published). All checks are currently active; splitting improves assertion diagnostics and retains short-circuit safety when None guards come first.","Replace the conjunction with consecutive assertions in the same order; preserve initial is-not-None guards before accessing attributes. For repeated monitor.health reads, snapshot health only after the operation under test.",not_open
e7e864d7-b49d-44cd-bfb9-bfda1d9a5e0f,python:S5778,tests/publication/test_reader.py,92,fixed,tests/publication/test_reader.py:92 targets reader.catalog_page while also evaluating limits. Separate valid setup from the rejected operation to prevent setup exceptions from satisfying the expected exception.,"Hoist valid helper calls and argument construction before pytest.raises; keep the target reader.catalog_page inside. When target is replace or a constructor, leave the invalid replacement/construction inside and hoist only its valid inputs.",not_open
c4405c40-a53a-4a78-8d4a-58a75818a187,python:S5778,tests/publication/test_reader.py,94,fixed,tests/publication/test_reader.py:94 targets reader.catalog_page while also evaluating IngestionId. Separate valid setup from the rejected operation to prevent setup exceptions from satisfying the expected exception.,"Hoist valid helper calls and argument construction before pytest.raises; keep the target reader.catalog_page inside. When target is replace or a constructor, leave the invalid replacement/construction inside and hoist only its valid inputs.",not_open
3304d1a6-31e0-4457-87f7-ffb50917ea30,python:S9073,tests/publication/test_reader.py,115,fixed,tests/publication/test_reader.py:115 combines independently useful checks: pending is not None; pending.manifest_ref is not None. All checks are currently active; splitting improves assertion diagnostics and retains short-circuit safety when None guards come first.,"Replace the conjunction with consecutive assertions in the same order; preserve initial is-not-None guards before accessing attributes. For repeated monitor.health reads, snapshot health only after the operation under test.",not_open
63a359c6-06c3-4d08-8993-9f2df76887c0,python:S5778,tests/publication/test_reader.py,136,fixed,tests/publication/test_reader.py:136 targets _reader(bundle).resolve_exact while also evaluating _reader. Separate valid setup from the rejected operation to prevent setup exceptions from satisfying the expected exception.,"Hoist valid helper calls and argument construction before pytest.raises; keep the target _reader(bundle).resolve_exact inside. When target is replace or a constructor, leave the invalid replacement/construction inside and hoist only its valid inputs.",not_open
4b3e25a1-c4e7-46e7-af26-995847a033aa,python:S5778,tests/publication/test_reader.py,152,fixed,tests/publication/test_reader.py:152 targets _reader(bundle).resolve_exact while also evaluating _reader. Separate valid setup from the rejected operation to prevent setup exceptions from satisfying the expected exception.,"Hoist valid helper calls and argument construction before pytest.raises; keep the target _reader(bundle).resolve_exact inside. When target is replace or a constructor, leave the invalid replacement/construction inside and hoist only its valid inputs.",not_open
0bb94358-b98f-4f0e-a155-33a16cbad63e,python:S9073,tests/publication/test_reader.py,168,fixed,"tests/publication/test_reader.py:168 combines independently useful checks: isinstance(first, Published); isinstance(third, Published). All checks are currently active; splitting improves assertion diagnostics and retains short-circuit safety when None guards come first.","Replace the conjunction with consecutive assertions in the same order; preserve initial is-not-None guards before accessing attributes. For repeated monitor.health reads, snapshot health only after the operation under test.",not_open
2336b568-35fd-4dc0-93a9-c3f08bddaeca,python:S5778,tests/publication/test_reader.py,172,fixed,tests/publication/test_reader.py:172 targets _reader(bundle).resolve_exact while also evaluating _reader. Separate valid setup from the rejected operation to prevent setup exceptions from satisfying the expected exception.,"Hoist valid helper calls and argument construction before pytest.raises; keep the target _reader(bundle).resolve_exact inside. When target is replace or a constructor, leave the invalid replacement/construction inside and hoist only its valid inputs.",not_open
f4b3fde6-2a00-4272-88ea-720e3b2c4678,python:S9073,tests/publication/test_recovery.py,242,fixed,tests/publication/test_recovery.py:242 combines independently useful checks: orphan.exists(); uncertain_manifest.exists(). All checks are currently active; splitting improves assertion diagnostics and retains short-circuit safety when None guards come first.,"Replace the conjunction with consecutive assertions in the same order; preserve initial is-not-None guards before accessing attributes. For repeated monitor.health reads, snapshot health only after the operation under test.",not_open
725f6883-54e9-4e37-a236-f3722d9eb5af,python:S5863,tests/publication/test_sqlite_store.py,114,false_positive,"tests/publication/test_sqlite_store.py:114 calls the stateful store.reserve(value) twice to verify idempotence; these are distinct executions, not a comparison of one cached value to itself. Surrounding test then rejects reservation(offset=4).",Optional clarity: first = store.reserve(value); repeated = store.reserve(value); assert repeated == first. Keep both reserve executions and the conflicting-reservation rejection.,open
28a20c85-41f7-4696-a484-c8e9a45c3720,python:S5778,tests/publication/test_sqlite_store.py,115,fixed,tests/publication/test_sqlite_store.py:115 targets store.reserve while also evaluating reservation. Separate valid setup from the rejected operation to prevent setup exceptions from satisfying the expected exception.,"Hoist valid helper calls and argument construction before pytest.raises; keep the target store.reserve inside. When target is replace or a constructor, leave the invalid replacement/construction inside and hoist only its valid inputs.",not_open
143d1c92-d70d-4114-a00e-9bf6d9db73ff,python:S5778,tests/publication/test_sqlite_store.py,122,fixed,tests/publication/test_sqlite_store.py:122 targets PublicationStore while also evaluating installation. Separate valid setup from the rejected operation to prevent setup exceptions from satisfying the expected exception.,"Hoist valid helper calls and argument construction before pytest.raises; keep the target PublicationStore inside. When target is replace or a constructor, leave the invalid replacement/construction inside and hoist only its valid inputs.",not_open
f304a128-6761-4cde-8b7c-82ac551d344f,python:S5778,tests/publication/test_sqlite_store.py,140,fixed,tests/publication/test_sqlite_store.py:140 targets store.prepare while also evaluating prepared_bytes. Separate valid setup from the rejected operation to prevent setup exceptions from satisfying the expected exception.,"Hoist valid helper calls and argument construction before pytest.raises; keep the target store.prepare inside. When target is replace or a constructor, leave the invalid replacement/construction inside and hoist only its valid inputs.",not_open
aaa6535b-c0e2-47cd-8743-0012fac71a6b,python:S5778,tests/recovery/test_policy.py,76,fixed,tests/recovery/test_policy.py:76 targets ledger.loss while also evaluating sample. Separate valid setup from the rejected operation to prevent setup exceptions from satisfying the expected exception.,"Hoist valid helper calls and argument construction before pytest.raises; keep the target ledger.loss inside. When target is replace or a constructor, leave the invalid replacement/construction inside and hoist only its valid inputs.",not_open
8e41b325-c87b-4f66-b349-5a32146b8d17,python:S5778,tests/recovery/test_policy.py,126,fixed,tests/recovery/test_policy.py:126 targets ledger.loss while also evaluating sample. Separate valid setup from the rejected operation to prevent setup exceptions from satisfying the expected exception.,"Hoist valid helper calls and argument construction before pytest.raises; keep the target ledger.loss inside. When target is replace or a constructor, leave the invalid replacement/construction inside and hoist only its valid inputs.",not_open
70a75188-4b03-4c2b-822e-66179b3826d1,python:S9073,tests/recovery/test_restart.py,286,fixed,tests/recovery/test_restart.py:286 combines independently useful checks: task.done(); not task.cancelled(). All checks are currently active; splitting improves assertion diagnostics and retains short-circuit safety when None guards come first.,"Replace the conjunction with consecutive assertions in the same order; preserve initial is-not-None guards before accessing attributes. For repeated monitor.health reads, snapshot health only after the operation under test.",not_open
776df9c9-d0f7-4414-bba9-4375e668d729,python:S5778,tests/recovery/test_supervisor.py,261,intentional,"tests/recovery/test_supervisor.py:261 uses asyncio.wait_for, supervisor.run as the asynchronous operation plus a bounded execution guard. The timeout raises a different exception than the matched target error, so timeout cannot falsely satisfy this test.","Keep timeout/cancellation bounds. Optional clarity: place asyncio.timeout outside pytest.raises; for wait_for, create supervisor.run() coroutine before raises and await wait_for inside it. Do not remove deadlines.",open
80574c15-ad58-4a6c-b9b7-cac6c5d30404,python:S5778,tests/recovery/test_transport.py,60,intentional,"tests/recovery/test_transport.py:60 uses asyncio.timeout, anext as the asynchronous operation plus a bounded execution guard. The timeout raises a different exception than the matched target error, so timeout cannot falsely satisfy this test.","Keep timeout/cancellation bounds. Optional clarity: place asyncio.timeout outside pytest.raises; for wait_for, create supervisor.run() coroutine before raises and await wait_for inside it. Do not remove deadlines.",open
4888d8f7-fcad-438a-a8a2-732a76ff58ce,python:S5778,tests/recovery/test_transport.py,89,intentional,"tests/recovery/test_transport.py:89 uses asyncio.timeout, anext as the asynchronous operation plus a bounded execution guard. The timeout raises a different exception than the matched target error, so timeout cannot falsely satisfy this test.","Keep timeout/cancellation bounds. Optional clarity: place asyncio.timeout outside pytest.raises; for wait_for, create supervisor.run() coroutine before raises and await wait_for inside it. Do not remove deadlines.",open
3ebe0208-ec84-4bb1-ae5d-100d67de8ff7,python:S9073,tests/sources/test_bybit.py,132,fixed,tests/sources/test_bybit.py:132 combines independently useful checks: 'limit' not in client.calls[-2][1]; 'cursor' not in client.calls[-2][1]. All checks are currently active; splitting improves assertion diagnostics and retains short-circuit safety when None guards come first.,"Replace the conjunction with consecutive assertions in the same order; preserve initial is-not-None guards before accessing attributes. For repeated monitor.health reads, snapshot health only after the operation under test.",not_open
ed7c5070-72fb-448e-a819-e3a537e2effb,python:S9073,tests/sources/test_bybit.py,190,fixed,tests/sources/test_bybit.py:190 combines independently useful checks: progress is not None; not progress.complete. All checks are currently active; splitting improves assertion diagnostics and retains short-circuit safety when None guards come first.,"Replace the conjunction with consecutive assertions in the same order; preserve initial is-not-None guards before accessing attributes. For repeated monitor.health reads, snapshot health only after the operation under test.",not_open
4560bb91-6879-4976-bf3a-1da05d37d7f7,python:S9073,tests/sources/test_bybit.py,198,fixed,tests/sources/test_bybit.py:198 combines independently useful checks: complete is not None; complete.complete; complete.cursor is None. All checks are currently active; splitting improves assertion diagnostics and retains short-circuit safety when None guards come first.,"Replace the conjunction with consecutive assertions in the same order; preserve initial is-not-None guards before accessing attributes. For repeated monitor.health reads, snapshot health only after the operation under test.",not_open
e554ba7e-bb84-42e2-a3e9-4d9726b2aceb,python:S5778,tests/sources/test_bybit.py,199,fixed,"tests/sources/test_bybit.py:199 targets BybitCursorStore(checkpoint_path).load while also evaluating request, BybitCursorStore. Separate valid setup from the rejected operation to prevent setup exceptions from satisfying the expected exception.","Hoist valid helper calls and argument construction before pytest.raises; keep the target BybitCursorStore(checkpoint_path).load inside. When target is replace or a constructor, leave the invalid replacement/construction inside and hoist only its valid inputs.",not_open
f3483dd8-54f4-4762-b222-aa12902b91d4,python:S5778,tests/sources/test_bybit.py,201,fixed,tests/sources/test_bybit.py:201 targets checkpoint.save while also evaluating request. Separate valid setup from the rejected operation to prevent setup exceptions from satisfying the expected exception.,"Hoist valid helper calls and argument construction before pytest.raises; keep the target checkpoint.save inside. When target is replace or a constructor, leave the invalid replacement/construction inside and hoist only its valid inputs.",not_open
5bc7980f-5e0b-48dc-9908-b3ad898720d9,python:S5778,tests/sources/test_bybit.py,322,intentional,"tests/sources/test_bybit.py:322 intentionally runs async client.get through asyncio.run. Calling the async function constructs a coroutine; target errors are raised during asyncio.run execution, not that coroutine creation.",Optional clarity: create the coroutine immediately before pytest.raises and pass it to asyncio.run inside the block. Preserve exactly one run/await and the existing exception matcher.,open
36be88ff-d744-46e4-8ab2-71d9dbc530dd,python:S5778,tests/sources/test_bybit.py,326,intentional,"tests/sources/test_bybit.py:326 intentionally runs async client.get through asyncio.run. Calling the async function constructs a coroutine; target errors are raised during asyncio.run execution, not that coroutine creation.",Optional clarity: create the coroutine immediately before pytest.raises and pass it to asyncio.run inside the block. Preserve exactly one run/await and the existing exception matcher.,open
8f73f322-8a3e-40a0-a345-d3f93b5e8e76,python:S5778,tests/sources/test_bybit.py,331,intentional,"tests/sources/test_bybit.py:331 intentionally runs async client.get through asyncio.run. Calling the async function constructs a coroutine; target errors are raised during asyncio.run execution, not that coroutine creation.",Optional clarity: create the coroutine immediately before pytest.raises and pass it to asyncio.run inside the block. Preserve exactly one run/await and the existing exception matcher.,open
44ccfa18-f219-402f-bf68-e22c2505b5d4,python:S5778,tests/sources/test_bybit.py,334,intentional,"tests/sources/test_bybit.py:334 intentionally runs async client.get through asyncio.run. Calling the async function constructs a coroutine; target errors are raised during asyncio.run execution, not that coroutine creation.",Optional clarity: create the coroutine immediately before pytest.raises and pass it to asyncio.run inside the block. Preserve exactly one run/await and the existing exception matcher.,open
3e4fac32-d393-473f-8677-4b448f2e06e1,python:S5778,tests/sources/test_bybit.py,354,fixed,"tests/sources/test_bybit.py:354 targets BybitHistoricalSource while also evaluating FixedClock, sample. Separate valid setup from the rejected operation to prevent setup exceptions from satisfying the expected exception.","Prepare the valid ClockSample and FixedClock outside raises; leave BybitHistoricalSource(..., interval=""M"") inside because invalid interval rejection by that constructor is the tested operation.",not_open
00d18637-3778-4be7-ad84-dfb6d3e5611c,python:S5778,tests/sources/test_bybit.py,364,fixed,"tests/sources/test_bybit.py:364 intends to reject async source.fetch, but constructs argument fixtures inside the exception region: request. Hoisting setup makes the asserted failure originate from the archive/source/analysis operation.","Prepare all valid records, references, limits, providers and service instances outside pytest.raises. Create the operation coroutine after setup, immediately before raises; retain only asyncio.run(coroutine) inside. Preserve intentionally hostile argument values and existing match checks.",not_open
18b6eafe-43da-476d-987f-a7a12cad1702,python:S5778,tests/sources/test_bybit.py,385,intentional,"tests/sources/test_bybit.py:385 intentionally runs async source.discover through asyncio.run. Calling the async function constructs a coroutine; target errors are raised during asyncio.run execution, not that coroutine creation.",Optional clarity: create the coroutine immediately before pytest.raises and pass it to asyncio.run inside the block. Preserve exactly one run/await and the existing exception matcher.,open
812c9543-9ae7-4261-99e5-eaf950832f54,python:S5778,tests/sources/test_bybit_live.py,545,fixed,tests/sources/test_bybit_live.py:545 targets BybitLiveSource._send while also evaluating Socket. Separate valid setup from the rejected operation to prevent setup exceptions from satisfying the expected exception.,"Hoist valid helper calls and argument construction before pytest.raises; keep the target BybitLiveSource._send inside. When target is replace or a constructor, leave the invalid replacement/construction inside and hoist only its valid inputs.",not_open
c8d0287d-257f-4f19-8717-fefee85a1648,python:S3776,src/scryntic/dataset/snapshot.py,185,intentional,"The extracted input-collection phase scores 17. It retains manifest ordering, exact coverage, role/schema checks and correspondence together. No behavioral defect found; another extraction solely to cross 15 would scatter this validation lifetime.",,open
2adfc55d-c03b-4ba6-bbe6-5a21db370ddd,python:S5864,src/scryntic/normalization/bybit_candle.py,138,false_positive,"Short-circuit rejection first requires type(value) is dict, then exact keys and an exact int value. Every reachable subscript therefore operates on a dict with the required key. Retain exact-type schema validation rather than weaken it to satisfy inferred typing.",,open
02defba9-db5b-47c0-8228-c79b2f462dde,python:S5864,src/scryntic/normalization/bybit_candle.py,139,false_positive,"Short-circuit rejection first requires type(value) is dict, then exact keys and an exact int value. Every reachable subscript therefore operates on a dict with the required key. Retain exact-type schema validation rather than weaken it to satisfy inferred typing.",,open
630559fe-f199-490c-8f2d-947a0fef54b7,python:S5864,src/scryntic/normalization/bybit_candle.py,140,false_positive,"Short-circuit rejection first requires type(value) is dict, then exact keys and an exact int value. Every reachable subscript therefore operates on a dict with the required key. Retain exact-type schema validation rather than weaken it to satisfy inferred typing.",,open
d2e9e379-8180-44c7-94bc-3b8225c51ac1,python:S5864,src/scryntic/normalization/bybit_candle.py,143,false_positive,"Short-circuit rejection first requires type(value) is dict, then exact keys and an exact int value. Every reachable subscript therefore operates on a dict with the required key. Retain exact-type schema validation rather than weaken it to satisfy inferred typing.",,open
fe8fb3f2-68d3-4131-8d28-ca63fa4a6443,python:S5778,tests/test_control_flow.py,84,fixed,Moved valid raw envelope preparation outside pytest.raises; split operation selection into separate exception assertions. Each assertion now contains only the intended store call; rollback and writer-poisoning checks remain.,,not_open
4522b197-d546-43cb-84fd-61d13c792aae,python:S5778,tests/test_control_flow.py,124,fixed,Moved valid raw envelope preparation outside pytest.raises; split operation selection into separate exception assertions. Each assertion now contains only the intended store call; rollback and writer-poisoning checks remain.,,not_open
38a22fdc-9d4a-4ab3-ae7b-9a0a2137383a,python:S5778,tests/test_control_flow.py,130,fixed,Moved valid raw envelope preparation outside pytest.raises; split operation selection into separate exception assertions. Each assertion now contains only the intended store call; rollback and writer-poisoning checks remain.,,not_open
